time,overlap,maxdim,real_ac,im_ac
0.0,1.0,4,1.0,0.0
0.006283185307179587,0.9999776413068285,4,0.9999154596464905,0.00440938104661499
0.012566370614359173,0.9998751016534835,4,0.9998426127475639,0.005793326516643615
0.01884955592153876,0.9994425298823918,4,0.999900810888105,0.002292589992157732
0.025132741228718346,0.9981033061818062,4,0.9995717775053266,-0.006092807951688973
0.031415926535897934,0.9953259001030966,4,0.9980331494906886,-0.017479726604018708
0.03769911184307752,0.9912770619585528,4,0.9952223196477635,-0.028804485710624526
0.04398229715025711,0.9869937738560864,4,0.992283937155685,-0.037064340352716184
0.05026548245743669,0.9837270991850969,4,0.9906794959581838,-0.04049522976966356
0.05654866776461628,0.9820338931521954,4,0.9908966302159928,-0.039159057754408685
0.06283185307179587,0.9814330862138393,4,0.992147215332511,-0.03487902518854569
0.06911503837897545,0.9807897910534266,4,0.9931978514661667,-0.03060119094610217
0.07539822368615504,0.9789019535519499,4,0.9932023807050058,-0.029287979789247638
0.08168140899333462,0.9748119165483392,4,0.9916784037984163,-0.03274777313605562
0.08796459430051422,0.9679741917246222,4,0.988152799701653,-0.04091944623239624
0.0942477796076938,0.9586222501607312,4,0.9824758260725882,-0.05188984159902144
0.10053096491487339,0.948109945243391,4,0.9756161459454321,-0.06267818666206912
0.10681415022205297,0.9385851109790881,4,0.9696725444715257,-0.07048246160140599
0.11309733552923255,0.9319073360184458,4,0.9666047866518936,-0.0737381924410591
0.11938052083641215,0.9285646075551752,4,0.9667972857739129,-0.07256398520521574
0.12566370614359174,0.9273883714955953,4,0.9688371931063195,-0.06866047814588584
0.13194689145077132,0.9261760248400606,4,0.9705893576310148,-0.06475761064849422
0.1382300767579509,0.9226685629121305,4,0.970378789800324,-0.06362010173181079
0.1445132620651305,0.9152874991521188,4,0.9672893706290623,-0.0669262473091633
0.15079644737231007,0.9035656427746789,4,0.960962235020889,-0.07456054745936262
0.15707963267948966,0.8884767071282459,4,0.9518433215961178,-0.08466911818324255
0.16336281798666924,0.8724376260436164,4,0.9417106609038366,-0.09448858521266525
0.16964600329384885,0.8585149654522315,4,0.9333267128979277,-0.10154037853913148
0.17592918860102844,0.8490123980047389,4,0.9289186107120903,-0.10452410107023456
0.18221237390820802,0.8443070523739266,4,0.9287077219626748,-0.103604363692207
0.1884955592153876,0.8426480357019904,4,0.930806927119441,-0.10028128189020465
0.1947787445225672,0.8409625445849719,4,0.9324874726300336,-0.09695034485678944
0.20106192982974677,0.8361376619946247,4,0.9315889773922744,-0.0960639468490168
0.20734511513692636,0.8261150208494314,4,0.9270071609046604,-0.09910584999698915
0.21362830044410594,0.8105441017368606,4,0.9185507690746271,-0.10591800057392294
0.21991148575128552,0.7910471552629224,4,0.9070856052817734,-0.11478705837923517
0.2261946710584651,0.7708870178814401,4,0.8948362702398993,-0.1232799151246636
0.2324778563656447,0.7537790452535097,4,0.8848136576596701,-0.1293359756520016
0.2387610416728243,0.7422711857067901,4,0.879220762330131,-0.13196165068755109
0.2450442269800039,0.7365993109065581,4,0.878076781971233,-0.13135258300590502
0.25132741228718347,0.7345852592157318,4,0.8792583448276465,-0.12874627041853012
0.25761059759436306,0.7325562717575568,4,0.8798681904513908,-0.1261145735726972
0.26389378290154264,0.7268190285741982,4,0.8777028040741328,-0.1255130429910253
0.2701769682087222,0.7150143168085801,4,0.8717589366878822,-0.12818651680894355
0.2764601535159018,0.6969338743615942,4,0.862043518340309,-0.1339499028494484
0.2827433388230814,0.6747006755685152,4,0.8495921879455789,-0.1412964278364023
0.289026524130261,0.652137748119784,4,0.8366214972658985,-0.14820474709930676
0.29530970943744056,0.6332914446471306,4,0.8259054192758393,-0.1530905654174059
0.30159289474462014,0.6207406638539492,4,0.8193085599394422,-0.1552846922931553
0.3078760800517997,0.6145643169243963,4,0.816634876310152,-0.1549962406245411
0.3141592653589793,0.6123446667439588,4,0.8158196690554282,-0.1531594785991798
0.3204424506661589,0.6101218739789317,4,0.8142829439793645,-0.15127011266868495
0.3267256359733385,0.6039356092968917,4,0.8102590720818043,-0.1509389800455544
0.33300882128051806,0.5913229806034916,4,0.8031386921176761,-0.15315057965957685
0.3392920065876977,0.572228325595171,4,0.7931305741579273,-0.15771018196261935
0.3455751918948773,0.5490884792067987,4,0.7811505605592185,-0.16336295870997825
0.35185837720205687,0.5259644257775119,4,0.7689223798334825,-0.16854331205793527
0.35814156250923646,0.506902774080048,4,0.7584922631306348,-0.17216138433707992
0.36442474781641604,0.4943095347274046,4,0.7510909420380121,-0.17386417588004655
0.3707079331235956,0.48810701130101863,4,0.7463221918067756,-0.17385608850442777
0.3769911184307752,0.48583748613348116,4,0.7424931927943572,-0.172752325367793
0.3832743037379548,0.48357513822054765,4,0.7378225784015195,-0.17156000487725204
0.3895574890451344,0.47741136517664534,4,0.7314364425483346,-0.17143641418713218
0.39584067435231396,0.4649732874337847,4,0.7233748903439098,-0.17310753946931334
0.40212385965949354,0.4463523093415077,4,0.714024562433701,-0.1763863039051001
0.4084070449666731,0.42409440893201844,4,0.7038924006509216,-0.1802915728600458
0.4146902302738527,0.402175288202346,4,0.6937607911370627,-0.18371806216592637
0.4209734155810323,0.3843337502472156,4,0.6845183679901068,-0.18604872095643793
0.4272566008882119,0.3726299664305231,4,0.6765251746041654,-0.18721483041456638
0.43353978619539146,0.366845510579892,4,0.6692265193574376,-0.18739929391991159
0.43982297150257105,0.36467253962280466,4,0.6615912410311638,-0.1869078052017964
0.44610615680975063,0.3625140084149012,4,0.6530479033439572,-0.18628559941762002
0.4523893421169302,0.35680279207922605,4,0.6439775611461098,-0.18626464279575303
0.4586725274241098,0.3454255837289122,4,0.6352514233341547,-0.1873351355477993
0.4649557127312894,0.3286006950041103,4,0.6273852217998197,-0.18933289108056828
0.471238898038469,0.30878342830363553,4,0.6202289408682783,-0.19154830429204367
0.4775220833456486,0.28957470197059687,4,0.6132740418190471,-0.1933040202371424
0.4838052686528282,0.27415221361941455,4,0.6059424380250822,-0.19439908497699238
0.4900884539600078,0.26410548484153284,4,0.5975785723673213,-0.19499800602973172
0.49637163926718736,0.25910442007540163,4,0.587532805134291,-0.1952486090067254
0.5026548245743669,0.25715120322311963,4,0.575662472135923,-0.19517992628656292
0.5089380098815465,0.25521539810508664,4,0.5628894739401654,-0.1949360053099326
0.5152211951887261,0.25030211936979485,4,0.5510697017355973,-0.19488281074408714
0.5215043804959056,0.24068582171727665,4,0.5419855033540077,-0.19531379304830268
0.5277875658030853,0.22667989596698546,4,0.5362141059495311,-0.1960991895420382
0.5340707511102648,0.2104756082476297,4,0.5327772374540168,-0.19677722514560775
0.5403539364174444,0.1950731351315702,4,0.5296757085594589,-0.19703556773590297
0.5466371217246241,0.1829152659671081,4,0.5247217685751683,-0.1970058834294129
0.5529203070318036,0.17505529180938928,4,0.5162135396558811,-0.19702213877887714
0.5592034923389833,0.17108984075114408,4,0.5034841200942101,-0.19718810798574
0.5654866776461628,0.16944566279982565,4,0.4874109647658235,-0.197307781219434
0.5717698629533424,0.16781685991157802,4,0.4705222148420076,-0.19721006075124323
0.578053048260522,0.16393043345886102,4,0.4561898182353229,-0.19697615712252464
0.5843362335677016,0.15652362317418567,4,0.44707064445392514,-0.1967519036921677
0.5906194188748811,0.14596568475474803,4,0.4437254294425348,-0.19644862883943953
0.5969026041820608,0.13405472659743886,4,0.44427940178735714,-0.19581182753223744
0.6031857894892403,0.12304911660478093,4,0.4452254282243002,-0.19481027903925094
0.6094689747964199,0.11457694632861484,4,0.442814575547836,-0.19380888540429264
0.6157521601035995,0.10915260733914445,4,0.4343905547017069,-0.19324209421870864
0.6220353454107791,0.10634230736381878,4,0.41935157822213165,-0.19316607649714473
0.6283185307179586,0.10505628791466246,4,0.3996107365453746,-0.19322380315723808
0.6346017160251383,0.10377849563756696,4,0.3792229810076405,-0.19302939273864703
0.6408849013323178,0.10101465283659791,4,0.3629257110474591,-0.19247132625412067
0.6471680866394974,0.09598163323911355,4,0.3540966462683561,-0.19160003095956568
0.653451271946677,0.08906302035188465,4,0.3532014624980951,-0.19036918895503063
0.6597344572538566,0.0815907874875991,4,0.35751715036651666,-0.18868048062068188
0.6660176425610361,0.07503575988474653,4,0.3622036972597059,-0.18669024555238906
0.6723008278682158,0.07022826640133273,4,0.3621925511391572,-0.18489336962065886
0.6785840131753954,0.06719999898434993,4,0.3540809377975049,-0.18375824403586277
0.6848671984825749,0.0655287844726268,4,0.33740910826867626,-0.18329544916598567
0.6911503837897546,0.06460869015113642,4,0.3150184449693812,-0.18305594197590425
0.6974335690969341,0.06368510096500188,4,0.2922208562442533,-0.1825417093664709
0.7037167544041137,0.06200645185750555,4,0.2747876094968957,-0.18153958721139674
0.7099999397112933,0.05923018943235943,4,0.26656100135944566,-0.1800529657910487
0.7162831250184729,0.05571557222018474,4,0.2678424599741822,-0.17807388378804237
0.7225663103256524,0.052316280611628116,4,0.2752242695944453,-0.1756057642347042
0.7288494956328321,0.04976365352980006,4,0.28288675363769217,-0.17290108489153522
0.7351326809400116,0.04819471280127549,4,0.2848540076071327,-0.17048932436186104
0.7414158662471912,0.04726239347627927,4,0.27727972300179915,-0.16881559707542318
0.7476990515543708,0.04659233204206527,4,0.25990811565373245,-0.16785193002617
0.7539822368615504,0.04600844438747336,4,0.236287030680311,-0.16712368572802122
0.7602654221687299,0.0454058865853315,4,0.212550725195421,-0.16611411813186194
0.7665486074759096,0.04465837619122512,4,0.19502553416808943,-0.1645877468029698
0.7728317927830891,0.043778079401862124,4,0.18768710949793205,-0.16253950564883296
0.7791149780902688,0.04306886138037613,4,0.19062169670495385,-0.15999133277988872
0.7853981633974483,0.04295177302706887,4,0.19999976218955867,-0.15699767171111326
0.7916813487046279,0.043547407287402286,4,0.20951652397852807,-0.15382854629140863
0.7979645340118074,0.044471707219344445,4,0.2128278260949197,-0.1509704902030654
0.8042477193189871,0.04513384545443565,4,0.20600889433794267,-0.14880272672081774
0.8105309046261667,0.04523344560860059,4,0.18904707727103026,-0.14726964620117877
0.8168140899333463,0.0449268504066499,4,0.16588298411119323,-0.1459280465336551
0.8230972752405259,0.044584532183745945,4,0.14292033045982272,-0.1443169338487508
0.8293804605477054,0.04452786728462256,4,0.12646720438334205,-0.142237502705096
0.8356636458548851,0.045005796144165,4,0.12026398100670965,-0.13970078838513633
0.8419468311620646,0.04624691706290039,4,0.1241557053791811,-0.13674705694256795
0.8482300164692442,0.0483329804382834,4,0.13422452352252817,-0.1334408699952695
0.8545132017764238,0.050960446606312514,4,0.1442614059578298,-0.13001235709443834
0.8607963870836034,0.053436564414727064,4,0.14815975929270417,-0.1268524927094528
0.8670795723907829,0.055072733973413605,4,0.1423026594132959,-0.12424970086668005
0.8733627576979626,0.05565594324761733,4,0.12693199163170732,-0.12213393174639044
0.8796459430051421,0.05555006338961427,4,0.10600975713270666,-0.12013582090263371
0.8859291283123217,0.05539137389610238,4,0.08559968158713524,-0.11789906387375146
0.8922123136195013,0.05573927148643308,4,0.07138906720434154,-0.11529486419791127
0.8984954989266809,0.056947755777862354,4,0.06651982944459753,-0.11235888125206953
0.9047786842338604,0.05916355831183648,4,0.0705983285129743,-0.10913673787523036
0.9110618695410401,0.062254217940162955,4,0.07998437327607799,-0.1056763974987131
0.9173450548482196,0.06570709208440767,4,0.08916522209783606,-0.10213675764696158
0.9236282401553992,0.068741430561892,4,0.09287527307496679,-0.09878889033763605
0.9299114254625788,0.07070702861962425,4,0.08816913332818649,-0.09582381316308988
0.9361946107697584,0.07147773799867514,4,0.0755252425922719,-0.09317066505848218
0.942477796076938,0.07149153974105948,4,0.05853961248669149,-0.0905586162427369
0.9487609813841176,0.07143730243972837,4,0.04233947402469482,-0.08775657615709993
0.9550441666912972,0.07190221486120595,4,0.03142950659846038,-0.08471197565997757
0.9613273519984767,0.07321939577025717,4,0.028038363642988895,-0.0814780138029925
0.9676105373056564,0.0754606837692226,4,0.03156487508825627,-0.07809316067560723
0.9738937226128359,0.07841671856521151,4,0.0390021302724462,-0.0745783633626927
0.9801769079200155,0.08157696835583086,4,0.046083816871126046,-0.07101708483174973
0.9864600932271951,0.08426975690212553,4,0.04891671055377314,-0.06756373157737962
0.9927432785343747,0.08599072073279224,4,0.0455264423601636,-0.06432170234018682
0.9990264638415542,0.08668694498972236,4,0.03658260717475267,-0.061231528100986636
1.0053096491487339,0.0867480553091431,4,0.024955917085332277,-0.0581273020423141
1.0115928344559135,0.08672946410314782,4,0.014322361039310479,-0.054896419343256564
1.017876019763093,0.08706591684661315,4,0.00754886439267494,-0.051544141048941276
1.0241592050702726,0.08796771663590142,4,0.005722118342619592,-0.048121282124961466
1.0304423903774522,0.08945085722349398,4,0.008089784253125249,-0.04464888019916042
1.0367255756846319,0.09135800916269621,4,0.012581162678652594,-0.041126378694759276
1.0430087609918113,0.09335733343794786,4,0.016611187478901515,-0.03758181439901336
1.049291946298991,0.09503178177095721,4,0.018056652192148713,-0.034079219204612245
1.0555751316061706,0.09608699422907542,4,0.016115354662600577,-0.030656471953690718
1.0618583169133502,0.09651898778860125,4,0.011580552834970056,-0.02727464101512006
1.0681415022205296,0.09657499183673231,4,0.0063075524082132975,-0.023862690428380264
1.0744246875277093,0.09654451998926308,4,0.002147826175280079,-0.020397443716238875
1.080707872834889,0.09658541978943651,4,3.6094450640522426e-5,-0.016905023554023683
1.0869910581420685,0.09672181059296352,4,-0.00019765768198929876,-0.013405801171047046
1.0932742434492482,0.09694187157301735,4,0.0006180762027793269,-0.009896779933932964
1.0995574287564276,0.09724185724644624,4,0.001562476557179046,-0.006374594623201328
1.1058406140636072,0.09758515861313248,4,0.0019994104026571603,-0.00284966692722531
1.1121237993707869,0.09788311506035458,4,0.0017933895264235088,0.0006626685223294754
1.1184069846779665,0.09806387671383154,4,0.001394564349233587,0.00416130399115407
1.124690169985146,0.09814125819428163,4,0.0016382962644211473,0.007659745840222331
1.1309733552923256,0.09816769611380331,4,0.003176747282363122,0.011156628387077303
1.1372565405995052,0.09810654391446884,4,0.005848382626378728,0.014629141804292537
1.1435397259066848,0.0977877478927575,4,0.008557245951366017,0.01807712519873466
1.1498229112138643,0.09703346004679202,4,0.009890361421762087,0.021540863618803228
1.156106096521044,0.09583678107538442,4,0.009027870297600146,0.02504936964629654
1.1623892818282235,0.09440680446811409,4,0.006296935562814392,0.02858166213472904
1.1686724671354032,0.09304191085600896,4,0.00307862144794779,0.03209829092614854
1.1749556524425826,0.09197373542668413,4,0.00123788933907289,0.03558526994639227
1.1812388377497622,0.09131266406879368,4,0.0024281601056193253,0.03904930640553083
1.1875220230569419,0.09105705636513056,4,0.007441009068563277,0.042478466275593436
1.1938052083641215,0.09106107597975678,4,0.015661245247882295,0.045828278919370115
1.200088393671301,0.09098218027003613,4,0.024932219156282135,0.049077935448376284
1.2063715789784806,0.0903521432963407,4,0.03223707038123051,0.052299741710947936
1.2126547642856602,0.08882526414304773,4,0.03506148762319488,0.055620565890704625
1.2189379495928399,0.08643210453406361,4,0.03267870876013952,0.059092483001772736
1.2252211349000195,0.08360263867662288,4,0.026633653857701958,0.06264058284497874
1.231504320207199,0.08092732336388897,4,0.020184639122220484,0.06615119089728054
1.2377875055143785,0.07886958891044052,4,0.017004029605543532,0.06956905889683568
1.2440706908215582,0.07763525024449566,4,0.019777136075155646,0.07288587582701192
1.2503538761287378,0.07717681604690355,4,0.02917177714484597,0.07606907911338394
1.2566370614359172,0.07719600682717236,4,0.0433713092665185,0.07906084585952752
1.2629202467430969,0.0771422160432414,4,0.058445504237704185,0.08188453197440548
1.2692034320502765,0.07635546077045599,4,0.06976231523787749,0.0847208710644187
1.2754866173574562,0.07440150963748829,4,0.07395989203252223,0.08779894813105311
1.2817698026646356,0.07137583727562441,4,0.07047861612868875,0.09118636534675967
1.2880529879718152,0.06788437843233426,4,0.06192499972677439,0.0947287801528785
1.2943361732789949,0.06468978650326196,4,0.05310228153619775,0.09820471358565372
1.3006193585861745,0.06233112654997249,4,0.04911489600318276,0.10148944663418435
1.306902543893354,0.06098910699793443,4,0.05340771844534274,0.10454828344438762
1.3131857292005336,0.06054743619147443,4,0.06646025499890917,0.10733697200538736
1.3194689145077132,0.06064399859674942,4,0.08544164847293514,0.10980827234213465
1.3257520998148928,0.060681647642731616,4,0.10504654522142451,0.11205657838300805
1.3320352851220723,0.059976887257622076,4,0.11949400228343698,0.1143876048603195
1.338318470429252,0.058120391310955866,4,0.1249116868925963,0.11713325387013329
1.3446016557364315,0.05529066852886985,4,0.12096193128874543,0.12036551609560674
1.3508848410436112,0.05217739160686359,4,0.11104801995526258,0.12383527465832082
1.3571680263507908,0.049535151072577166,4,0.10103191372363714,0.12719992787535284
1.3634512116579702,0.047777237403554405,4,0.09693736803104339,0.1302590571336853
1.3697343969651499,0.04692268713612116,4,0.10262862703626861,0.13295529382957832
1.3760175822723295,0.04677451135702,4,0.11835531703144181,0.13524449968354388
1.3823007675795091,0.04702552485368011,4,0.14055793212330325,0.1371028224214661
1.3885839528866886,0.04723424532906065,4,0.1630839590336714,0.1387000232652492
1.3948671381938682,0.04689997059359077,4,0.1795763020603529,0.1404576845878486
1.4011503235010478,0.04576975140424867,4,0.18603386961219726,0.1427932981848072
1.4074335088082275,0.044110881164782983,4,0.1823700364401169,0.1457699813503487
1.413716694115407,0.04256960520608791,4,0.17244147765908044,0.14904346965913778
1.4199998794225865,0.041677156119569736,4,0.16258529398665295,0.15216288795808536
1.4262830647297662,0.04150357517793254,4,0.15915512130790965,0.1548722874116702
1.4325662500369458,0.041773933767754096,4,0.16606720350927506,0.15711177888860242
1.4388494353441252,0.04221185048813384,4,0.18332742938493468,0.158850340512515
1.4451326206513049,0.042696916376897896,4,0.20699714188739116,0.1600855653627677
1.4514158059584845,0.04315701357620035,4,0.2306719049482803,0.161040354829735
1.4576989912656642,0.04348898383834367,4,0.24803142504257833,0.16221463610393344
1.4639821765728436,0.04372676943553666,4,0.2553286751815892,0.16407602117651346
1.4702653618800232,0.04421839554570092,4,0.25272811988212857,0.16666516325259628
1.4765485471872029,0.04542206276887628,4,0.24415712099382833,0.16956008830709318
1.4828317324943825,0.04742616503214154,4,0.23581450286007882,0.1722429602409821
1.4891149178015621,0.04975614165408584,4,0.23378674487992368,0.1744494618297389
1.4953981031087415,0.05173534653051823,4,0.24169084483263265,0.17615265949096195
1.5016812884159212,0.05302291538490739,4,0.2593041007204222,0.1773469976299672
1.5079644737231008,0.05381080222921784,4,0.2826806126320239,0.17803341900219338
1.5142476590302805,0.054589858212451256,4,0.3057571030125885,0.1784390194118535
1.5205308443374599,0.05584600556516981,4,0.322832984076614,0.17907737678829777
1.5268140296446395,0.058010178641786876,4,0.33075598225650094,0.18041460934169518
1.5330972149518192,0.061489653467947464,4,0.32991287750556586,0.18245686731084687
1.5393804002589988,0.06641290436302219,4,0.323923295652447,0.18474015137765293
1.5456635855661782,0.0722342005307141,4,0.3182748785903361,0.18674771729409728
1.5519467708733579,0.07778016348214092,4,0.3182513041618391,0.1882776318819036
1.5582299561805375,0.08190680606508809,4,0.32687577556907804,0.18938321838525557
1.5645131414877171,0.0842358845857,4,0.3437388712115262,0.19009428274499418
1.5707963267948966,0.08537194988296565,4,0.3652382322332705,0.19038189979060643
1.5770795121020762,0.08651243010803493,4,0.386174563919748,0.19040549575252308
1.5833626974092558,0.08887106144375417,4,0.40195412355184523,0.19060560642837698
1.5896458827164355,0.0933480635809684,4,0.4102802959879166,0.19138351910965767
1.595929068023615,0.10037721119198523,4,0.4117083207649999,0.19270212048678045
1.6022122533307945,0.10963917370895362,4,0.40921860330763205,0.1941072082000994
1.6084954386379742,0.1198207170295189,4,0.40711976561249286,0.19517228818521953
1.6147786239451538,0.12896835302940834,4,0.40947887687421625,0.1958451026663574
1.6210618092523335,0.13545984049193924,4,0.4185203858154772,0.19631288435160887
1.6273449945595129,0.13891579040863075,4,0.43371118923025764,0.19664672286883478
1.6336281798666925,0.1404118733173321,4,0.4520819222783373,0.19674286448091527
1.6399113651738721,0.14192140740466233,4,0.46969137574423214,0.19660564518937446
1.6461945504810518,0.14544822222506265,4,0.48339084252053677,0.19650241998077483
1.6524777357882312,0.15238326479403366,4,0.49189296766246393,0.19670084206285265
1.6587609210954108,0.1631464703078988,4,0.4958492987440538,0.1971164022696731
1.6650441064025905,0.17689450094095743,4,0.4973530069274371,0.1973681925878053
1.6713272917097701,0.19149430170502713,4,0.49922186098435595,0.19722129938347488
1.6776104770169495,0.20422104237429184,4,0.5040589152559142,0.1968670925904874
1.6838936623241292,0.21302389251950626,4,0.5131957184214899,0.19667993851738985
1.6901768476313088,0.21756333939381176,4,0.5260515589052706,0.19677312267789152
1.6964600329384885,0.2193915250935406,4,0.5404862144885063,0.1969166881447454
1.7027432182456679,0.221237213026598,4,0.5540401963171027,0.19686695855630035
1.7090264035528475,0.22586558990690594,4,0.5651648153307005,0.19661546174796707
1.7153095888600272,0.23512198045399946,4,0.5736141608992944,0.19622931212232278
1.7215927741672068,0.24936932301618558,4,0.5800546242581148,0.1955778976921398
1.7278759594743862,0.2672194341499342,4,0.5855535998559485,0.1944224536029795
1.7341591447815659,0.28576168150880393,4,0.5913133653212045,0.19282196141118108
1.7404423300887455,0.3016048449366764,4,0.5984152966766837,0.19130052766904457
1.7467255153959251,0.3123780264874029,4,0.6073217599659759,0.19046521018561863
1.7530087007031048,0.3178223119807818,4,0.617483861183283,0.19046697604041557
1.7592918860102842,0.3199134948726132,4,0.6276734838836757,0.19089850002206968
1.7655750713174638,0.3220210977125661,4,0.6369459741659245,0.19118119154647245
1.7718582566246435,0.32754847108231594,4,0.6453131260304974,0.1909376056194375
1.778141441931823,0.33870133964610016,4,0.6534821323103256,0.18997690344600843
1.7844246272390025,0.3557449298073312,4,0.662053510442681,0.18812922451313774
1.7907078125461822,0.37678763211157384,4,0.6710521882536591,0.18536470098427177
1.7969909978533618,0.39827998422804,4,0.6801353079244372,0.1821274169234489
1.8032741831605414,0.4163596366809943,4,0.6889940916466566,0.17934677796731652
1.8095573684677209,0.4284937671705833,4,0.6973554429454628,0.17789365076496358
1.8158405537749005,0.43453928658694235,4,0.704775044593831,0.17794700829871904
1.8221237390820801,0.4367868658009668,4,0.7109012109450683,0.1788782868373733
1.8284069243892598,0.439045135914272,4,0.7161506135121735,0.17970465388236587
1.8346901096964392,0.44514629009980494,4,0.7218742760484782,0.17960765286635733
1.8409732950036188,0.4575122314069795,4,0.7295392629089112,0.17809746416577915
1.8472564803107985,0.47627730512742517,4,0.7396101319797046,0.1749768427715272
1.8535396656179781,0.49914945819435813,4,0.7511718781590391,0.1704818002499188
1.8598228509251575,0.5221655656409279,4,0.7625855336926546,0.16551011312235683
1.8661060362323372,0.541260346358143,4,0.7724487410048115,0.1614420780674411
1.8723892215395168,0.5539310857130113,4,0.779975029636249,0.15942361541935393
1.8786724068466965,0.5601755961712014,4,0.7848816488156085,0.15964779027297638
1.884955592153876,0.5624439966658291,4,0.7875485325466297,0.16123486659763525
1.8912387774610555,0.5647137617382848,4,0.7894406500866109,0.16275613945162615
1.8975219627682351,0.5709697595300389,4,0.792880346235255,0.16291096640862024
1.9038051480754148,0.5836694263035359,4,0.7998247130539823,0.16089125562090198
1.9100883333825944,0.6027949111459511,4,0.8105513772275594,0.1564880716074581
1.9163715186897738,0.625809924390259,4,0.8234099954432795,0.15024354626476713
1.9226547039969535,0.6486281864148082,4,0.8358550138538547,0.1435456325205923
1.9289378893041331,0.6672957006896838,4,0.8458076517727715,0.1382363373227227
1.9352210746113128,0.6795453888420301,4,0.8522459684293593,0.13572464350468297
1.9415042599184922,0.6855273685071099,4,0.8550829499857433,0.13620103140998835
1.9477874452256718,0.6876644742965642,4,0.8551993148370078,0.13852392838828465
1.9540706305328515,0.689791491968424,4,0.854682467690449,0.1408122072505863
1.960353815840031,0.695730993558794,4,0.8563642274174338,0.1412793978238256
1.9666370011472105,0.707777542381544,4,0.8623825229050731,0.13880470914331633
1.9729201864543902,0.7257545999740425,4,0.8728022220156949,0.13318536898797373
1.9792033717615698,0.7470759892251067,4,0.8855148817829809,0.1252877303024278
1.9854865570687494,0.7678584596473957,4,0.8975433515571632,0.11698804541350603
1.9917697423759289,0.7845862217519733,4,0.9066111543155728,0.1105619369356864
1.9980529276831085,0.7954242392652372,4,0.9117553396374154,0.10764540884119675
2.004336112990288,0.8006707260755587,4,0.9130918630061811,0.10840876793607704
2.0106192982974678,0.8025228146630645,4,0.9117190475086709,0.1114605192966007
2.0169024836046474,0.804352935149914,4,0.9098682325496966,0.11449929908401969
2.023185668911827,0.8095010952337921,4,0.9103885050717001,0.11528939874045578
2.0294688542190067,0.8199041161119518,4,0.9152915804060185,0.11242826014781385
2.035752039526186,0.8352363550237962,4,0.9244317194951435,0.10573732618790661
2.0420352248333655,0.8530741555448219,4,0.9355543832857143,0.09639998889052802
2.048318410140545,0.8700644006092315,4,0.9457464538455553,0.08673837417166422
2.054601595447725,0.8834334023384678,4,0.9530080790346258,0.07939483594356023
2.0608847807549044,0.8919433309179264,4,0.9567053959906852,0.0761742171112402
2.067167966062084,0.896020577080008,4,0.9571369450489742,0.07721015385995474
2.0734511513692637,0.897448018369486,4,0.955323021279842,0.08089653262036554
2.0797343366764434,0.8988428910427488,4,0.9531737353367083,0.0845820548541422
2.0860175219836226,0.9027720435523631,4,0.9530991982118113,0.08565691697415367
2.092300707290802,0.9106446070193659,4,0.9567204440217288,0.08249084597034935
2.098583892597982,0.922010854290897,4,0.9637105576739475,0.07494573312538187
2.1048670779051615,0.9348174080956291,4,0.9719741618569895,0.06448907833558538
2.111150263212341,0.9465336141265676,4,0.9791120869769778,0.053808134647626044
2.1174334485195208,0.9553748971891368,4,0.9838065110708192,0.04581079310076083
2.1237166338267004,0.9608156239230147,4,0.9859610471993914,0.04239488847292934
2.12999981913388,0.9633765074705642,4,0.9860116582240541,0.043643893193160886
2.1362830044410592,0.9642683773628418,4,0.9846335078006352,0.04779390673525249
2.142566189748239,0.9651198519797931,4,0.9830269776377923,0.051947191882081384
2.1488493750554185,0.9674959264511951,4,0.9828035540028097,0.05322761243220038
2.155132560362598,0.9721519090482703,4,0.9850059885915126,0.049849609799134775
2.161415745669778,0.9785519801092324,4,0.989178764561362,0.041728110773826946
2.1676989309769574,0.9851935307688601,4,0.9936442964021205,0.03055835296203385
2.173982116284137,0.9905935818899986,4,0.9968621027656305,0.01928011204728812
2.1802653015913167,0.9941189187350072,4,0.9984780530509937,0.010939710877236292
2.1865484868984963,0.9960074830598602,4,0.9990509198949216,0.007441036135952074
2.1928316722056755,0.9968299706462694,4,0.9990901417530013,0.008808494307153185
2.199114857512855,0.9971158438591385,4,0.998724007550779,0.01319437677706544
2.205398042820035,0.9973573591426969,4,0.9981839414886614,0.017582465085813993
2.2116812281272145,0.9979764545436334,4,0.9980670150942562,0.018961111245000432
2.217964413434394,0.9990064164694288,4,0.9987507700182424,0.015473558132273487
2.2242475987415737,0.9998722920986175,4,0.9997197652943901,0.0070952920211553
2.2305307840487534,0.9997556494204692,4,0.9998929887743142,-0.00432566522897971
2.236813969355933,0.9983541975447825,4,0.9987831658628197,-0.0157314731237885
2.243097154663112,0.9962450494517873,4,0.9971196031211307,-0.024078990598590845
2.249380339970292,0.9944111965609947,4,0.9961262776222278,-0.027548372693430915
2.2556635252774715,0.9934232099660418,4,0.9963117603370277,-0.026177523226271898
2.261946710584651,0.9930807247452041,4,0.9971490556402043,-0.0218132722562932
2.2682298958918308,0.9926943292522782,4,0.997805869837463,-0.01744948608343603
2.2745130811990104,0.9915050417059256,4,0.9978208498696667,-0.016091561491677942
2.28079626650619,0.9888214936017596,4,0.9969304208141437,-0.019579639739594947
2.2870794518133697,0.9840804580073114,4,0.9946349474915128,-0.027876048601790583
2.2933626371205493,0.9772193909112624,4,0.9905265395950787,-0.03906665480040551
2.2996458224277285,0.969142715769041,4,0.9851904811714698,-0.05011943784256109
2.305929007734908,0.9615866619759508,4,0.9803806900901634,-0.05813743510154249
2.312212193042088,0.956192474111711,4,0.9778860655156904,-0.06146968271582106
2.3184953783492674,0.9534801464558584,4,0.9781392958782847,-0.06021356621773854
2.324778563656447,0.952537435568626,4,0.9799585621740885,-0.05612742535717029
2.3310617489636267,0.9515556050418307,4,0.981530863955917,-0.0520421961031787
2.3373449342708064,0.9486644209834991,4,0.9814692580617153,-0.05081761204956064
2.343628119577986,0.9425110138958996,4,0.9789997801395253,-0.054193889829434586
2.349911304885165,0.9325931179785155,4,0.9737114653770568,-0.06207559333554529
2.356194490192345,0.9196064298247882,4,0.9658351075411332,-0.07257277560363888
2.3624776754995245,0.9055784219650407,4,0.9568710234571413,-0.08281911278282557
2.368760860806704,0.8932486178752904,4,0.9493673358402038,-0.09019484674793138
2.3750440461138838,0.8847708242574114,4,0.9454791944103211,-0.09328956267593225
2.3813272314210634,0.8805691387616099,4,0.9454975505413722,-0.09225151503556883
2.387610416728243,0.8791018346919381,4,0.9476961935910208,-0.08866825931641051
2.3938936020354227,0.8776038723765072,4,0.9495319026802161,-0.08508065728735782
2.400176787342602,0.8732629862142298,4,0.94898341192662,-0.08407866894325632
2.4064599726497815,0.864186532231098,4,0.9449851969901457,-0.08723137775686314
2.412743157956961,0.8499755013703172,4,0.9372754306427424,-0.09439550484093412
2.419026343264141,0.8320170344754617,4,0.9265841118173386,-0.10379081101746088
2.4253095285713204,0.8132779957508988,4,0.915013900699353,-0.11283962694565032
2.4315927138785,0.797258133603871,4,0.9055349148858282,-0.11930639650023205
2.4378758991856797,0.7864352268921304,4,0.9003965870523442,-0.12207322736246773
2.4441590844928593,0.7811021628263453,4,0.8997001367562075,-0.12132580459492201
2.450442269800039,0.7792253347092009,4,0.901381852011925,-0.11841168306975405
2.456725455107218,0.7773287896314871,4,0.9025536397153708,-0.11547966137659219
2.463008640414398,0.7719078314907087,4,0.9009700796752343,-0.11475224979749268
2.4692918257215775,0.760696570630539,4,0.8955507261559761,-0.11757438747654564
2.475575011028757,0.7434301399144466,4,0.8862230160650758,-0.12376919128315673
2.4818581963359367,0.7220592174710272,4,0.873991482994522,-0.13173912477201394
2.4881413816431164,0.7002273253391319,4,0.8611356427660671,-0.13929029336284116
2.494424566950296,0.6818911802316614,4,0.8505824098630896,-0.1446449183512597
2.5007077522574757,0.6696417315125056,4,0.8443653441004314,-0.14700551739588855
2.506990937564655,0.6636190347996316,4,0.842372263574251,-0.14657845484966833
2.5132741228718345,0.6614750201439072,4,0.8424788577066085,-0.14442153405999353
