time,return_probability
0.0,1.0
0.0012566370614359175,0.999999999999998
0.002513274122871835,0.9999999999999999
0.003769911184307752,1.0000000000000002
0.00502654824574367,0.9999995423061792
0.0062831853071795875,0.9999968390745192
0.007539822368615504,0.9999883777397702
0.008796459430051423,0.9999680633603181
0.01005309649148734,0.9999263740157536
0.011309733552923256,0.9998496432149129
0.012566370614359175,0.9997195206629121
0.013823007675795092,0.9995127296018553
0.015079644737231009,0.9992001201413531
0.016336281798666925,0.9987478428073373
0.017592918860102846,0.998118335604554
0.018849555921538762,0.9972706108542386
0.02010619298297468,0.9961619202313732
0.021362830044410596,0.9947495504034953
0.022619467105846513,0.9929927316369099
0.023876104167282433,0.9908547344009303
0.02513274122871835,0.9883050847970752
0.026389378290154267,0.9853216579029535
0.027646015351590184,0.981892374588778
0.0289026524130261,0.9780166391512557
0.030159289474462017,0.9737066821355957
0.031415926535897934,0.9689875871390813
0.03267256359733385,0.9638973715745991
0.033929200658769774,0.9584860134116253
0.03518583772020569,0.9528143478273834
0.03644247478164161,0.9469520452804027
0.037699111843077525,0.9409754773347224
0.03895574890451344,0.9349652693786229
0.04021238596594936,0.9290034580286711
0.041469023027385275,0.9231663742372894
0.04272566008882119,0.9175329206624893
0.04398229715025711,0.9121748777637396
0.045238934211693026,0.9071549313813259
0.04649557127312894,0.9025259852295316
0.047752208334564866,0.8983297342635541
0.04900884539600078,0.8945957689927618
0.0502654824574367,0.8913410477085467
0.05152211951887262,0.8885697561308277
0.05277875658030853,0.8862735291122626
0.05403539364174445,0.8844320025515253
0.05529203070318037,0.8830136573270627
0.056548667764616284,0.8819769114448579
0.0578053048260522,0.8812717747851877
0.05906194188748812,0.8808401685634566
0.060318578948924034,0.8806185945363384
0.06157521601035996,0.8805392908625373
0.06283185307179587,0.8805317576530522
0.06408849013323178,0.8805242305204921
0.0653451271946677,0.8804447982178165
0.06660176425610362,0.8802239343321443
0.06785840131753955,0.8797901679857105
0.06911503837897547,0.8790768144940362
0.07037167544041138,0.8780241502288154
0.0716283125018473,0.8765713943405335
0.07288494956328322,0.8746629659910001
0.07414158662471913,0.8722473210549005
0.07539822368615505,0.8692772118084193
0.07665486074759097,0.8657100292693274
0.07791149780902688,0.8615083106009316
0.0791681348704628,0.8566402862484885
0.08042477193189872,0.8510808218152993
0.08168140899333463,0.8448123946283869
0.08293804605477055,0.8378262174625
0.08419468311620647,0.8301234147926292
0.08545132017764238,0.8217161500322466
0.0867079572390783,0.8126286412541696
0.08796459430051422,0.8028978784393269
0.08922123136195013,0.7925739830011477
0.09047786842338605,0.7817201440346347
0.09173450548482197,0.7704125080527275
0.09299114254625789,0.7587376229231333
0.09424777960769382,0.7467922261136293
0.09550441666912973,0.734681131162136
0.09676105373056565,0.7225136796978509
0.09801769079200157,0.7103982119799889
0.09927432785343748,0.6984441863979233
0.1005309649148734,0.6867700699761974
0.10178760197630932,0.6754774498164435
0.10304423903774523,0.6646623577543536
0.10430087609918115,0.6544115970847865
0.10555751316061707,0.6447994181372835
0.10681415022205298,0.6358889585199077
0.1080707872834889,0.6277283970147074
0.10932742434492482,0.6203525866721801
0.11058406140636073,0.6137822080974219
0.11184069846779665,0.6080232225348392
0.11309733552923257,0.6030673490947053
0.11435397259066848,0.5988927720735587
0.1156106096521044,0.5954625416335463
0.11686724671354032,0.5927290751416125
0.11812388377497623,0.5906343755360218
0.11938052083641215,0.5891140248176401
0.12063715789784807,0.5880828385610809
0.121893794959284,0.5874534153073366
0.12315043202071992,0.5871314252512858
0.12440706908215583,0.5870173662781025
0.12566370614359174,0.5870081722472216
0.12692034320502765,0.586998954166391
0.12817698026646357,0.5868848022619836
0.1294336173278995,0.5865625380421788
0.1306902543893354,0.5859323813456494
0.13194689145077132,0.5848995197837195
0.13320352851220724,0.5833755555599937
0.13446016557364318,0.5812798131050335
0.1357168026350791,0.5785405050527028
0.13697343969651501,0.575095764685266
0.13823007675795093,0.5708945594836549
0.13948671381938685,0.5658975023574718
0.14074335088082277,0.5600775723318796
0.14199998794225868,0.5534207473261212
0.1432566250036946,0.5459265374732416
0.14451326206513052,0.537608391671469
0.14576989912656643,0.528493934963456
0.14702653618800235,0.5186249829255875
0.14828317324943827,0.5080573670335895
0.14953981031087418,0.4968607499438896
0.1507964473723101,0.4851159177809825
0.15205308443374602,0.47291547147810603
0.15330972149518193,0.46036097155961947
0.15456635855661785,0.447561001392187
0.15582299561805377,0.4346287154631642
0.15707963267948968,0.42167922777455646
0.1583362697409256,0.40882692933984843
0.15959290680236152,0.3961828622613527
0.16084954386379743,0.38385227530608584
0.16210618092523335,0.3719324700011767
0.16336281798666927,0.3605110207775379
0.16461945504810518,0.34966442075872706
0.1658760921095411,0.3394571702567435
0.16713272917097702,0.3299412918397452
0.16838936623241293,0.32115175712254235
0.16964600329384885,0.31311987499823385
0.17090264035528477,0.3058609450109812
0.17215927741672069,0.2993787419449342
0.1734159144781566,0.2936665344317517
0.17467255153959252,0.28870726042716943
0.17592918860102844,0.2844759614695975
0.17718582566246435,0.28092718263207317
0.17844246272390027,0.27802892121357997
0.17969909978533619,0.2757314236882609
0.1809557368467721,0.2739775821000966
0.18221237390820802,0.27270376343661257
0.18346901096964394,0.27184059912287306
0.18472564803107985,0.271313179217062
0.18598228509251577,0.27104196182716644
0.1872389221539517,0.2709436768081383
0.18849555921538763,0.27093240288810794
0.18975219627682355,0.2709208144472089
0.19100883333825946,0.2708215749294911
0.19226547039969538,0.2705488552270197
0.1935221074611313,0.2700199281953989
0.19477874452256722,0.26915657012863786
0.19603538158400313,0.26788959318110567
0.19729201864543905,0.26615295437429315
0.19854865570687497,0.2638919154722481
0.19980529276831088,0.2610622354793119
0.2010619298297468,0.25763118848383043
0.20231856689118272,0.25357838334338284
0.20357520395261863,0.24889633822058768
0.20483184101405455,0.24359078621555952
0.20608847807549047,0.23768069070951103
0.20734511513692638,0.23119795054028605
0.2086017521983623,0.22418677827560843
0.20985838925979822,0.21670274120041555
0.21111502632123413,0.2088114652596146
0.21237166338267005,0.20058701739979165
0.21362830044410597,0.19211000086417207
0.21488493750554188,0.18346541934012392
0.2161415745669778,0.17474038693038602
0.21739821162841372,0.16602177874411267
0.21865484868984963,0.1573939285487837
0.21991148575128555,0.1489364830466902
0.22116812281272147,0.1407225156676102
0.22242475987415739,0.13281698639772674
0.2236813969355933,0.1252756096008522
0.22493803399702922,0.1181441617239483
0.22619467105846514,0.11145822864348869
0.22745130811990105,0.10524336179477985
0.22870794518133697,0.09951557877984106
0.22996458224277289,0.09428217733770594
0.2312212193042088,0.08954267009241107
0.23247785636564472,0.08528988082738273
0.23373449342708064,0.0815110379517506
0.23499113048851655,0.07818881479187356
0.23624776754995247,0.07530225932999451
0.2375044046113884,0.0728275735217379
0.2387610416728243,0.07073872036313682
0.24001767873426022,0.0690078541833363
0.24127431579569614,0.06760558518699615
0.24253095285713208,0.06650110245992025
0.243787589918568,0.06566219014428601
0.24504422698000392,0.06505517901076345
0.24630086404143983,0.06464487995641548
0.24755750110287575,0.06439454684049911
0.24881413816431167,0.06426591342226416
0.25007077522574755,0.06421934302744521
0.25132741228718347,0.06421412021900016
0.2525840493486194,0.06420890175112855
0.2538406864100553,0.06416233031216319
0.2550973234714912,0.064033800121633
0.25635396053292714,0.06378434956844374
0.25761059759436306,0.06337764394492773
0.258867234655799,0.06278100191740577
0.2601238717172349,0.06196641330778149
0.2613805087786708,0.06091149327073986
0.2626371458401067,0.05960031889054072
0.26389378290154264,0.05802409817053726
0.26515041996297856,0.0561816278034452
0.2664070570244145,0.05407950447331411
0.2676636940858504,0.0517320654928129
0.26892033114728636,0.04916103920279312
0.2701769682087223,0.0463949141624846
0.2714336052701582,0.04346803136310651
0.2726902423315941,0.04041942899014429
0.27394687939303003,0.03729148230877066
0.27520351645446595,0.03412839643666611
0.27646015351590186,0.030974621751475674
0.2777167905773378,0.027873271139826412
0.2789734276387737,0.02486462239885441
0.2802300647002096,0.021984786825291567
0.28148670176164553,0.019264615804479888
0.28274333882308145,0.01672890136543458
0.28399997588451736,0.014395905490903806
0.2852566129459533,0.012277228601329434
0.2865132500073892,0.010378002743441049
0.2877698870688251,0.008697372387201493
0.28902652413026103,0.007229207791460769
0.29028316119169695,0.005962984317546432
0.29153979825313286,0.004884772644581016
0.2927964353145688,0.003978188919663771
0.2940530723760047,0.0032254111731997008
0.2953097094374406,0.0026080423171315776
0.29656634649887653,0.002107870849529924
0.29782298356031245,0.0017074900558760756
0.29907962062174837,0.0013907667685652055
0.3003362576831843,0.0011431612533761184
0.3015928947446202,0.0009519077436815151
0.3028495318060561,0.0008060706063137774
0.30410616886749203,0.0006964944873923531
0.30536280592892795,0.000615668608450415
0.30661944299036387,0.0005575262333259454
0.3078760800517998,0.0005172006645938853
0.3091327171132357,0.000490759222025151
0.3103893541746716,0.00047493654561273774
0.31164599123610753,0.000466888083817349
0.31290262829754345,0.00046398345884194486
0.31415926535897937,0.0004636571797977385
0.3154159024204153,0.000463330598715235
0.3166725394818512,0.00046041393846872
0.3179291765432871,0.00045239077386100273
0.31918581360472303,0.00043697989519197024
0.32044245066615895,0.00041236164585375305
0.32169908772759487,0.0003774483807686802
0.3229557247890308,0.00033217246829885097
0.3242123618504667,0.00027776101137457805
0.3254689989119026,0.0002169647781036207
0.32672563597333854,0.0001542100519219206
0.32798227303477445,9.564631207699016e-5
0.32923891009621037,4.906964930792404e-5
0.3304955471576463,2.371118255340692e-5
0.3317521842190822,2.9890834737406462e-5
0.3330088212805181,7.854883138903228e-5
0.33426545834195404,0.00018067923162606904
0.33552209540338995,0.0003467005951211824
0.33677873246482587,0.0005858073852036967
0.3380353695262618,0.0009053508110910469
0.3392920065876977,0.001310298619731498
0.3405486436491336,0.0018028193222886393
0.34180528071056954,0.0023820274693354556
0.34306191777200545,0.0030439134921227185
0.34431855483344137,0.003781465567169112
0.3455751918948773,0.00458497372793311
0.3468318289563132,0.00544249012029316
0.3480884660177491,0.006340405921935036
0.34934510307918504,0.007264096679867637
0.35060174014062095,0.008198584649778703
0.35185837720205687,0.009129169288135678
0.3531150142634928,0.010041984651379817
0.3543716513249287,0.010924453712914109
0.3556282883863646,0.011765622734924078
0.35688492544780054,0.012556371978440452
0.35814156250923646,0.013289510590942672
0.35939819957067237,0.013959772324293318
0.3606548366321083,0.014563734214068064
0.3619114736935442,0.015099682444120844
0.3631681107549801,0.015567448715139702
0.36442474781641604,0.01596823720801876
0.36568138487785196,0.016304457489981734
0.3669380219392879,0.01657957326614293
0.3681946590007238,0.016797971460666458
0.3694512960621597,0.01696485131587626
0.3707079331235956,0.01708612946482867
0.37196457018503154,0.017168354538652304
0.37322120724646746,0.017218623920495786
0.3744778443079034,0.017244495687271027
0.37573448136933935,0.017253890355716565
0.37699111843077526,0.017254979393261802
0.3782477554922112,0.017256060091212836
0.3795043925536471,0.017265418825457474
0.380761029615083,0.01729118650548386
0.38201766667651893,0.01734119083826507
0.38327430373795485,0.017422809819705846
0.38453094079939076,0.01754282975472181
0.3857875778608267,0.0177073094466611
0.3870442149222626,0.017921450474782875
0.3883008519836985,0.01818947222051607
0.38955748904513443,0.018514489963553902
0.39081412610657035,0.018898395232736252
0.39207076316800626,0.0193417397111923
0.3933274002294422,0.01984362714041432
0.3945840372908781,0.020401621371198917
0.395840674352314,0.021011682301617183
0.39709731141374993,0.021668144149604097
0.39835394847518585,0.0223637515707732
0.39961058553662177,0.0230897679389559
0.4008672225980577,0.023836166325211093
0.4021238596594936,0.024591907395180634
0.4033804967209295,0.02534530317960728
0.40463713378236543,0.026084432178106784
0.40589377084380135,0.026797640803400462
0.40715040790523727,0.027474017848896092
0.4084070449666732,0.02810387078555683
0.4096636820281091,0.02867914221321495
0.410920319089545,0.029193737263283896
0.41217695615098093,0.029643736377360112
0.41343359321241685,0.03002747828048514
0.41469023027385277,0.030345510061364784
0.4159468673352887,0.030600413362967163
0.4172035043967246,0.030796526175297375
0.4184601414581605,0.030939587364363558
0.41971677851959643,0.031036335171141734
0.42097341558103235,0.031094091387478644
0.42223005264246827,0.031120360225008206
0.4234866897039042,0.031122465882107906
0.4247433267653401,0.031107246492004834
0.425999963826776,0.031080815467084466
0.42725660088821193,0.03104839500203798
0.42851323794964785,0.031014221139472952
0.42976987501108377,0.030981515529300882
0.4310265120725197,0.030952515799845683
0.4322831491339556,0.030928554154084714
0.4335397861953915,0.030910172237436712
0.43479642325682744,0.03089725937810258
0.43605306031826335,0.030889200951012177
0.43730969737969927,0.03088502391480274
0.4385663344411352,0.03088352760361633
0.4398229715025711,0.030883389677335973
0.441079608564007,0.03088323971438011
0.44233624562544294,0.030881696122254894
0.44359288268687885,0.030877365582996245
0.44484951974831477,0.03086880781148941
0.4461061568097507,0.03085447164227287
0.4473627938711866,0.03083261108638819
0.4486194309326225,0.030801191827949406
0.44987606799405844,0.030757799594982586
0.45113270505549435,0.030699561982255284
0.45238934211693027,0.03062309473398903
0.4536459791783662,0.030524482335437732
0.4549026162398021,0.03039930110643033
0.456159253301238,0.030242690869694753
0.45741589036267394,0.030049478655380497
0.45867252742410985,0.02981435474486726
0.45992916448554577,0.02953209761974344
0.4611858015469817,0.029197840121476106
0.4624424386084176,0.028807364544349685
0.4636990756698535,0.02835740985671239
0.46495571273128944,0.02784597032122398
0.46621234979272536,0.027272562123883407
0.4674689868541613,0.026638433891299055
0.4687256239155972,0.025946698710632737
0.4699822609770331,0.025202369722669753
0.471238898038469,0.024412288394786118
0.47249553509990494,0.023584943606720074
0.47375217216134086,0.02273018969506321
0.4750088092227768,0.021858881320299027
0.4762654462842127,0.020982451092710366
0.4775220833456486,0.020112461148064788
0.4787787204070845,0.019260161531882043
0.48003535746852044,0.018436086119993072
0.48129199452995636,0.0176497112590002
0.4825486315913923,0.016909194259913902
0.48380526865282825,0.016221199571510338
0.48506190571426416,0.015590811255634504
0.4863185427757001,0.015021522514592992
0.487575179837136,0.014515287388875045
0.4888318168985719,0.014072616822689468
0.49008845396000783,0.013692701094142671
0.49134509102144375,0.01337354272980444
0.49260172808287966,0.01311208778440532
0.4938583651443156,0.012904347938137923
0.4951150022057515,0.012745510426719751
0.4963716392671874,0.012630036688218913
0.49762827632862333,0.012551753324767004
0.49888491339005925,0.012503940341125437
0.5001415504514951,0.012479306576052255
0.5013981875129311,0.012470382900727611
0.5026548245743669,0.012469388972088432
0.5039114616358029,0.012468394509448883
0.5051680986972388,0.012459457276082508
0.5064247357586747,0.012434755277277509
0.5076813728201106,0.012386723853797535
0.5089380098815466,0.012308195441878628
0.5101946469429824,0.012192540233570835
0.5114512840044184,0.012033806585692051
0.5127079210658543,0.011826860532442359
0.5139645581272902,0.01156752392417176
0.5152211951887261,0.01125271037658785
0.5164778322501621,0.010880557293180281
0.517734469311598,0.01045055074001171
0.5189911063730339,0.00996363802707871
0.5202477434344698,0.009422320698310872
0.5215043804959058,0.008830718548448017
0.5227610175573416,0.008194593627067353
0.5240176546187776,0.0075213223481451884
0.5252742916802134,0.00681980417824555
0.5265309287416494,0.006100297242662955
0.5277875658030853,0.005374174750506849
0.5290442028645213,0.004653601383425834
0.5303008399259571,0.003951135455040165
0.5315574769873931,0.003279270192998167
0.532814114048829,0.0026499351362177367
0.5340707511102649,0.002073985415328634
0.5353273881717008,0.0015607115862490393
0.5365840252331368,0.0011174048211813558
0.5378406622945727,0.0007490110154520595
0.5390972993560086,0.00045790254803356736
0.5403539364174446,0.00024378833439259683
0.5416105734788804,0.00010377220551966007
0.5428672105403164,3.255768369851366e-5
0.5441238476017523,2.278525173939907e-5
0.5453804846631882,6.547756897009404e-5
0.5466371217246241,0.00015055990897722629
0.5478937587860601,0.00026741815811127066
0.5491503958474959,0.00040545536145855237
0.5504070329089319,0.0005546099402573443
0.5516636699703678,0.000705803868775472
0.5529203070318037,0.0008512965661965568
0.5541769440932396,0.00098492916805258
0.5554335811546756,0.0011022533028549383
0.5566902182161114,0.00120054768315417
0.5579468552775474,0.0012787340149856892
0.5592034923389833,0.0013372103770127688
0.5604601294004192,0.001377624932430567
0.5617167664618551,0.0014026154021900311
0.5629734035232911,0.0014155401141588814
0.5642300405847269,0.001420224785593716
0.5654866776461629,0.0014207457822146335
0.5667433147075988,0.0014212658308478117
0.5679999517690347,0.0014259325223642777
0.5692565888304706,0.0014388439273606698
0.5705132258919066,0.001464079727951694
0.5717698629533424,0.0015057908403566835
0.5730265000147784,0.001568335858261969
0.5742831370762143,0.0016564489703489744
0.5755397741376502,0.0017754213827733446
0.5767964111990861,0.0019312767221282814
0.5780530482605221,0.0021309203806052853
0.5793096853219579,0.00238224325989445
0.5805663223833939,0.002694161858363433
0.5818229594448298,0.003076579139063596
0.5830795965062657,0.003540254145982487
0.5843362335677016,0.004096572929903286
0.5855928706291376,0.0047572189871756855
0.5868495076905734,0.005533747999543158
0.5881061447520094,0.006437078953517748
0.5893627818134453,0.007476921314648795
0.5906194188748812,0.008661165270600993
0.5918760559363171,0.009995268436230435
0.5931326929977531,0.011481677063131766
0.5943893300591889,0.013119321974735988
0.5956459671206249,0.014903228565070497
0.5969026041820608,0.016824275934056516
0.5981592412434967,0.018869132630174028
0.5994158783049326,0.0210203859918808
0.6006725153663686,0.02325686957767347
0.6019291524278044,0.025554179813129182
0.6031857894892404,0.027885360079762524
0.6044424265506763,0.030221719311762426
0.6056990636121122,0.03253374381934142
0.6069557006735481,0.0347920562152164
0.6082123377349841,0.036968374218824776
0.6094689747964199,0.039036424524921676
0.6107256118578559,0.04097277223935326
0.6119822489192918,0.042757533748777485
0.6132388859807277,0.044374949364821545
0.6144955230421636,0.0458138008016058
0.6157521601035996,0.0470676668317648
0.6170087971650354,0.04813501788789474
0.6182654342264714,0.04901915674187807
0.6195220712879073,0.04972801769783172
0.6207787083493432,0.05027384107297844
0.6220353454107791,0.050672743228625756
0.6232919824722151,0.05094420511289295
0.6245486195336509,0.05111050416242089
0.6258052565950869,0.05119611536996016
0.6270618936565228,0.051227107193320666
0.6283185307179587,0.051230556594338554
0.6295751677793946,0.05123400474988856
0.6308318048408306,0.05126497087684202
0.6320884419022664,0.05135053630714928
0.6333450789637024,0.05151700473485248
0.6346017160251383,0.05178963786254679
0.6358583530865742,0.05219245902476582
0.6371149901480101,0.05274811133041557
0.6383716272094461,0.053477752007339244
0.6396282642708819,0.05440096144880789
0.6408849013323179,0.055535644343108606
0.6421415383937538,0.05689790145248371
0.6433981754551897,0.05850185415601
0.6446548125166257,0.06035940964256664
0.6459114495780616,0.062479962286242065
0.6471680866394975,0.06487003570319269
0.6484247237009334,0.06753287953486822
0.6496813607623694,0.07046804423897715
0.6509379978238052,0.07367096512395799
0.6521946348852412,0.07713259256873223
0.6534512719466771,0.08083910797891589
0.654707909008113,0.08477176393587774
0.6559645460695489,0.08890688194387421
0.6572211831309849,0.09321603236037589
0.6584778201924207,0.09766640916364308
0.6597344572538567,0.1022213982606385
0.6609910943152926,0.10684132347973728
0.6622477313767285,0.11148434078635372
0.6635043684381644,0.11610744010100292
0.6647610054996004,0.12066750660565591
0.6660176425610362,0.1251223903559907
0.6672742796224722,0.12943193456911797
0.6685309166839081,0.13355891873747608
0.669787553745344,0.13746988182538805
0.6710441908067799,0.14113580196817793
0.6723008278682159,0.1445326208844789
0.6735574649296517,0.14764161225060174
0.6748141019910877,0.15044960243148275
0.6760707390525236,0.1529490584530837
0.6773273761139595,0.15513806161805402
0.6785840131753954,0.15702018583117036
0.6798406502368314,0.15860429800380807
0.6810972872982672,0.1599042945927318
0.6823539243597032,0.16093878425949024
0.6836105614211391,0.16173072265427427
0.684867198482575,0.16230700213559546
0.6861238355440109,0.16269799731451232
0.6873804726054469,0.1629370668708624
0.6886371096668827,0.16306001306757867
0.6898937467283187,0.16310450248589292
0.6911503837897546,0.1631094542409229
0.6924070208511905,0.16311440474312808
0.6936636579126264,0.16315886037957708
0.6949202949740624,0.16328165083070395
0.6961769320354982,0.16352029582245411
0.6974335690969342,0.16391039688342277
0.6986902061583701,0.16448506332763288
0.699946843219806,0.16527437864192862
0.7012034802812419,0.16630491031583822
0.7024601173426779,0.16759926357313684
0.7037167544041137,0.1691756780629348
0.7049733914655497,0.17104766679175598
0.7062300285269856,0.17322369860858786
0.7074866655884215,0.17570692924314246
0.7087433026498574,0.17849499074823746
0.7099999397112934,0.18157985440920135
0.7112565767727292,0.18494778674378842
0.7125132138341652,0.1885794210433342
0.7137698508956011,0.19244996701990846
0.715026487957037,0.19652957782798416
0.7162831250184729,0.2007838867655348
0.7175397620799089,0.20517471561803713
0.7187963991413447,0.20966094375069044
0.7200530362027807,0.21419951304135393
0.7213096732642166,0.21874653027426674
0.7225663103256525,0.22325841746652678
0.7238229473870884,0.2276930533692462
0.7250795844485244,0.23201084721221288
0.7263362215099602,0.23617568913387518
0.7275928585713962,0.24015573040928637
0.7288494956328321,0.24392395961059088
0.730106132694268,0.24745855671717135
0.7313627697557039,0.2507430241377576
0.7326194068171399,0.25376610978090614
0.7338760438785757,0.2565215510948186
0.7351326809400117,0.25900767918273965
0.7363893180014476,0.26122692799181174
0.7376459550628836,0.2631852950103616
0.7389025921243194,0.26489179720467115
0.7401592291857554,0.26635795975909926
0.7414158662471912,0.2675973664613894
0.7426725033086272,0.2686252903077634
0.7439291403700631,0.2694584120920944
0.745185777431499,0.2701146243084396
0.7464424144929349,0.2706129084236428
0.7476990515543709,0.2709732660987164
0.7489556886158067,0.27121667972093616
0.7502123256772427,0.27136507494520096
0.7514689627386787,0.27144125794203694
0.7527255998001146,0.2714688026228362
0.7539822368615505,0.2714718679706738
0.7552388739229864,0.27147493226314257
0.7564955109844224,0.27150243878741087
0.7577521480458582,0.2715783558751013
0.7590087851072942,0.2717256619739663
0.76026542216873,0.27196577336363353
0.761522059230166,0.2723179375335428
0.7627786962916019,0.2727986189311575
0.7640353333530379,0.2734209057657388
0.7652919704144737,0.2741939670305521
0.7665486074759097,0.27512258821189794
0.7678052445373456,0.2762068126146754
0.7690618815987815,0.2774417130661443
0.7703185186602174,0.27881731598792253
0.7715751557216534,0.28031869626245426
0.7728317927830892,0.2819262566092342
0.7740884298445252,0.28361619891086487
0.7753450669059611,0.2853611867646133
0.776601703967397,0.28713118840885005
0.7778583410288329,0.28889447740341906
0.7791149780902689,0.29061875580504126
0.7803716151517047,0.29227235228578635
0.7816282522131407,0.29382543720927595
0.7828848892745766,0.29525118969923125
0.7841415263360125,0.2965268495947478
0.7853981633974484,0.2976345907830857
0.7866548004588844,0.29856216191761487
0.7879114375203202,0.29930325533623187
0.7891680745817562,0.29985758369783366
0.7904247116431921,0.30023066448847713
0.791681348704628,0.300433332889411
0.7929379857660639,0.3004810214157474
0.7941946228274999,0.30039285851166236
0.7954512598889357,0.3001906468586186
0.7967078969503717,0.29989778519397303
0.7979645340118076,0.2995381953262602
0.7992211710732435,0.29913530969213914
0.8004778081346794,0.29871116546596876
0.8017344451961154,0.29828564021870096
0.8029910822575512,0.2978758526072227
0.8042477193189872,0.2974957404636465
0.8055043563804231,0.297155818520058
0.806760993441859,0.2968631091100145
0.8080176305032949,0.29662123156547665
0.8092742675647309,0.2964306295907849
0.8105309046261667,0.2962889105569898
0.8117875416876027,0.2961912664232942
0.8130441787490386,0.29613094299685977
0.8143008158104745,0.29609972275415636
0.8155574528719104,0.296088386799189
0.8168140899333464,0.2960871240282096
0.8180707269947822,0.29608586036871926
0.8193273640562182,0.29607448799292874
0.8205840011176541,0.29604298332234386
0.82184063817909,0.29598141281850227
0.8230972752405259,0.29587983616625135
0.8243539123019619,0.29572812657356146
0.8256105493633977,0.2955157366326745
0.8268671864248337,0.2952314447442007
0.8281238234862696,0.29486312094081996
0.8293804605477055,0.29439755174102467
0.8306370976091414,0.29382036132188166
0.8318937346705774,0.29311606091575676
0.8331503717320132,0.29226825014890173
0.8344070087934492,0.2912599834127124
0.8356636458548851,0.29007430178223254
0.836920282916321,0.28869491712028006
0.8381769199777569,0.2871070206754117
0.8394335570391929,0.2852981747594407
0.8406901941006287,0.28325923422906446
0.8419468311620647,0.2809852358490756
0.8432034682235006,0.27847618947194613
0.8444601052849365,0.27573770634524175
0.8457167423463724,0.2727814072645248
0.8469733794078084,0.2696250665451186
0.8482300164692442,0.26629246592715466
0.8494866535306802,0.26281295385161185
0.8507432905921161,0.25922072779862426
0.851999927653552,0.2555538780811403
0.8532565647149879,0.2518532483063917
0.8545132017764239,0.2481611788509708
0.8557698388378597,0.24452020414825945
0.8570264758992957,0.24097177231081796
0.8582831129607317,0.23755504746404388
0.8595397500221675,0.23430584272228197
0.8607963870836035,0.23125571697395572
0.8620530241450394,0.22843125360053487
0.8633096612064753,0.22585352572125994
0.8645662982679112,0.22353774182410435
0.8658229353293472,0.22149305838554742
0.867079572390783,0.21972254233820665
0.868336209452219,0.21822326551486312
0.8695928465136549,0.21698651459748644
0.8708494835750908,0.21599810256402355
0.8721061206365267,0.21523877010657028
0.8733627576979627,0.21468466714179837
0.8746193947593985,0.21430790482679501
0.8758760318208345,0.2140771673084073
0.8771326688822704,0.21395837004791776
0.8783893059437063,0.21391534858025496
0.8796459430051422,0.21391055879401488
0.8809025800665782,0.2139057680978961
0.882159217128014,0.21386271687694766
0.88341585418945,0.21374373186044637
0.8846724912508859,0.21351227746339818
0.8859291283123218,0.21313343746058663
0.8871857653737577,0.2125743267817932
0.8884424024351937,0.2118044408066965
0.8896990394966295,0.2107959562154838
0.8909556765580655,0.20952400220384365
0.8922123136195014,0.20796692289104735
0.8934689506809373,0.20610655054457594
0.8947255877423732,0.20392850470513216
0.8959822248038092,0.20142252472017555
0.897238861865245,0.1985828332739392
0.898495498926681,0.19540851727281203
0.8997521359881169,0.19190390120586073
0.9010087730495528,0.18807887829954578
0.9022654101109887,0.18394915787451535
0.9035220471724247,0.1795363845690032
0.9047786842338605,0.17486808743202922
0.9060353212952965,0.16997742467829985
0.9072919583567324,0.1649027028209746
0.9085485954181683,0.15968666590719435
0.9098052324796042,0.1543755699474296
0.9110618695410402,0.14901807713568233
0.912318506602476,0.14366402169261194
0.913575143663912,0.1383631118851933
0.9148317807253479,0.1331636392732867
0.9160884177867838,0.12811126561331437
0.9173450548482197,0.12324795019333579
0.9186016919096557,0.11861106672059932
0.9198583289710915,0.11423274104863848
0.9211149660325275,0.11013942130474941
0.9223716030939634,0.10635167275682858
0.9236282401553993,0.10288417319282775
0.9248848772168352,0.09974587230594673
0.9261415142782712,0.09694027152726055
0.927398151339707,0.09446577914019466
0.928654788401143,0.0923160989036312
0.9299114254625789,0.09048061784048374
0.9311680625240149,0.08894476901919095
0.9324246995854507,0.08769035662161218
0.9336813366468867,0.08669584192896712
0.9349379737083225,0.085936598806078
0.9361946107697585,0.08538515483011562
0.9374512478311944,0.08501143874189909
0.9387078848926304,0.08478305612706143
0.9399645219540662,0.08466561328353805
0.9412211590155022,0.08462310537055105
0.942477796076938,0.08461837285736531
0.943734433138374,0.08461363928224973
0.9449910701998099,0.08457110831778536
0.9462477072612459,0.0844536191737935
0.9475043443226817,0.08422533800616086
0.9487609813841177,0.08385246569950892
0.9500176184455535,0.08330394082956735
0.9512742555069895,0.08255211752109808
0.9525308925684254,0.08157339990772802
0.9537875296298614,0.08034881723824491
0.9550441666912972,0.07886452565553742
0.9563008037527332,0.07711222377399506
0.957557440814169,0.07508946917057656
0.958814077875605,0.07279988191751953
0.9600707149370409,0.07025321981501181
0.9613273519984769,0.0674653088146084
0.9625839890599127,0.06445781220180734
0.9638406261213487,0.06125782435350128
0.9650972631827845,0.05789728001232217
0.9663539002442205,0.05441217833398011
0.9676105373056565,0.05084163223663944
0.9688671743670924,0.047226766988489106
0.9701238114285283,0.0436095061388777
0.9713804484899642,0.040031296068292886
0.9726370855514002,0.036531830708462325
0.973893722612836,0.033147843649437174
0.975150359674272,0.029912034678488887
0.9764069967357079,0.026852191293583256
0.9776636337971438,0.02399055326901729
0.9789202708585797,0.021343451121199106
0.9801769079200157,0.018921229181205042
0.9814335449814515,0.016728443142068818
0.9826901820428875,0.01476430264405016
0.9839468191043234,0.013023313610900962
0.9852034561657593,0.011496064016605726
0.9864600932271952,0.010170091219873096
0.9877167302886312,0.009030768939283418
0.988973367350067,0.008062156761353986
0.990230004411503,0.007247763779697895
0.9914866414729389,0.006571189356087219
0.9927432785343748,0.006016616852186183
0.9939999155958107,0.0055691493946310195
0.9952565526572467,0.005214989382382574
0.9965131897186825,0.0049414748051196025
0.9977698267801185,0.004736994981350336
0.9990264638415544,0.004590815659765111
1.0002831009029902,0.0044928482867721735
1.0015397379644262,0.0044334004552885695
1.0027963750258622,0.004402944047061644
1.0040530120872981,0.004391934423124128
1.0053096491487339,0.0043907084210561735
1.0065662862101699,0.004389481275740494
1.0078229232716058,0.004378453455479012
1.0090795603330418,0.004348028495962384
1.0103361973944776,0.00428913298838873
1.0115928344559135,0.004193620687621568
1.0128494715173495,0.004054734903425936
1.0141061085787855,0.00386759740613866
1.0153627456402212,0.003629688299806224
1.0166193827016572,0.0033412797794688375
1.0178760197630932,0.0030057873345150027
1.0191326568245291,0.0026300046441066743
1.0203892938859649,0.0022241929756323018
1.0216459309474009,0.0018020022152840437
1.0229025680088368,0.0013802086405942148
1.0241592050702728,0.0009782640966566377
1.0254158421317086,0.0006176599929419023
1.0266724791931445,0.00032113756312516454
1.0279291162545805,0.00011173852518044002
1.0291857533160165,1.1788271014385458e-5
1.0304423903774522,4.182553676076306e-5
1.0316990274388882,0.00021955510309589843
1.0329556645003242,0.0005588849062991287
1.0342123015617601,0.0010691103239566934
1.035468938623196,0.0017543015216293636
1.0367255756846319,0.0026129375717620393
1.0379822127460678,0.003637814510447845
1.0392388498075038,0.004816235157080512
1.0404954868689396,0.006130468403029739
1.0417521239303755,0.0075584469332943376
1.0430087609918115,0.009074656937126634
1.0442653980532475,0.010651162750719154
1.0455220351146832,0.012258704319740419
1.0467786721761192,0.013867805868609667
1.0480353092375552,0.015449839518735374
1.0492919462989911,0.01697799659931726
1.050548583360427,0.018428130566966457
1.0518052204218629,0.019779447312776186
1.0530618574832988,0.02101502991810288
1.0543184945447348,0.022122194713501873
1.0555751316061706,0.023092683311059816
1.0568317686676065,0.023922701033906164
1.0580884057290425,0.0246128160940319
1.0593450427904785,0.025167736406320734
1.0606016798519142,0.02559598257416206
1.0618583169133502,0.02590947678318098
1.0631149539747862,0.02612306838428478
1.0643715910362221,0.026254017918797667
1.065628228097658,0.026321462107261263
1.0668848651590939,0.02634588258752366
1.0681415022205298,0.026348600550621003
1.0693981392819658,0.026351317496663515
1.0706547763434016,0.02637571884427452
1.0719114134048375,0.026443152008073914
1.0731680504662735,0.026574384001078328
1.0744246875277095,0.026789436082033616
1.0756813245891454,0.02710748513682914
1.0769379616505812,0.027546814186122755
1.0781945987120172,0.02812478851096091
1.0794512357734531,0.028857830168986694
1.0807078728348891,0.029761362741622104
1.0819645098963249,0.030849700358933287
1.0832211469577608,0.03213586044457041
1.0844777840191968,0.03363128793885291
1.0857344210806328,0.03534548940758041
1.0869910581420685,0.03728558754721789
1.0882476952035045,0.03945581902365256
1.0895043322649405,0.04185701002393209
1.0907609693263765,0.044486072980128216
1.0920176063878122,0.04733557334001085
1.0932742434492482,0.05039341596375791
1.0945308805106841,0.053642696116079996
1.0957875175721201,0.05706175010254129
1.0970441546335559,0.060624426073507494
1.0983007916949918,0.0643005777862636
1.0995574287564278,0.06805676512646726
1.1008140658178638,0.07185712719100329
1.1020707028792995,0.07566437893071995
1.1033273399407355,0.07944087255240127
1.1045839770021715,0.08314966120108952
1.1058406140636075,0.08675550513550283
1.1070972511250432,0.09022576903641188
1.1083538881864792,0.09353117187450259
1.1096105252479151,0.09664636605496049
1.1108671623093511,0.09955033833813258
1.1121237993707869,0.10222663945151024
1.1133804364322228,0.10466346090078585
1.1146370734936588,0.10685358534664842
1.1158937105550948,0.10879424071169551
1.1171503476165305,0.11048688811992428
1.1184069846779665,0.11193697046501014
1.1196636217394025,0.1131536427381909
1.1209202588008385,0.11414949823562882
1.1221768958622742,0.11494029742621209
1.1234335329237102,0.1155446995171557
1.1246901699851461,0.11598399136148135
1.1259468070465821,0.11628180484104289
1.1272034441080179,0.11646381250387641
1.1284600811694538,0.11655739202849826
1.1297167182308898,0.11659125274731184
1.1309733552923258,0.11659502146081349
1.1322299923537615,0.11659878941430488
1.1334866294151975,0.11663262681736696
1.1347432664766335,0.11672607494441889
1.1359999035380695,0.1169076281202225
1.1372565405995052,0.11720421850609913
1.1385131776609412,0.11764071563385078
1.1397698147223772,0.1182394504843083
1.1410264517838131,0.11901977122674932
1.1422830888452489,0.1199976352990096
1.1435397259066848,0.12118524105598254
1.1447963629681208,0.12259070229396607
1.1460530000295568,0.12421777079600937
1.1473096370909925,0.12606561546518627
1.1485662741524285,0.1281286710367824
1.1498229112138645,0.13039657385684375
1.1510795482753005,0.1328542056363188
1.1523361853367362,0.13548186725471983
1.1535928223981722,0.1382556025935311
1.1548494594596082,0.1411476864228647
1.1561060965210441,0.14412728051697196
1.1573627335824799,0.14716124908716594
1.1586193706439158,0.15021510961619766
1.1598760077053518,0.15325408011033767
1.1611326447667878,0.15624417077614222
1.1623892818282235,0.1591532592205445
1.1636459188896595,0.16195208505690842
1.1649025559510955,0.16461510310368374
1.1661591930125315,0.16712114406885129
1.1674158300739672,0.1694538466541371
1.1686724671354032,0.17160184354964758
1.1699291041968392,0.17355870353709646
1.1711857412582751,0.17532265054071225
1.1724423783197109,0.17689609594811234
1.1736990153811468,0.17828503146514713
1.1749556524425828,0.17949833551107233
1.1762122895040188,0.18054704677642353
1.1774689265654545,0.18144365471655052
1.1787255636268905,0.18220144947254785
1.1799822006883265,0.182833964171795
1.1812388377497625,0.18335453188056833
1.1824954748111984,0.1837759685958362
1.1837521118726342,0.1841103832759218
1.1850087489340702,0.18436910650886995
1.1862653859955061,0.18456272133986448
1.187522023056942,0.18470117328004165
1.1887786601183779,0.18479393182867349
1.1900352971798138,0.18485017318290756
1.1912919342412498,0.18487895337820723
1.1925485713026858,0.18488934300838325
1.1938052083641215,0.1848904988714405
1.1950618454255575,0.18489165412264674
1.1963184824869935,0.18490201630708283
1.1975751195484294,0.1849305713146233
1.1988317566098652,0.18498580006451282
1.2000883936713012,0.18507532280394454
1.2013450307327371,0.18520549264295239
1.202601667794173,0.1853809649138083
1.2038583048556089,0.18560427196621176
1.2051149419170448,0.18587543415857707
1.2063715789784808,0.1861916373096301
1.2076282160399168,0.1865470050130168
1.2088848531013525,0.18693249120768385
1.2101414901627885,0.18733591431417485
1.2113981272242245,0.18774214900278707
1.2126547642856604,0.18813348504719057
1.2139114013470962,0.18849015451956974
1.2151680384085322,0.18879101872211893
1.2164246754699681,0.18901439493597805
1.217681312531404,0.189138990916314
1.2189379495928399,0.18914490312141893
1.2201945866542758,0.18901462434763255
1.2214512237157118,0.18873399933886298
1.2227078607771478,0.1882930645378001
1.2239644978385835,0.18768671151439564
1.2252211349000195,0.1869151231132108
1.2264777719614555,0.18598394649015532
1.2277344090228914,0.18490418655091448
1.2289910460843272,0.18369182472435075
1.2302476831457632,0.1823671889791053
1.2315043202071991,0.18095411903248634
1.232760957268635,0.17947898378172358
1.2340175943300709,0.17796961487968224
1.2352742313915068,0.17645422081134648
1.2365308684529428,0.1749603404693991
1.2377875055143788,0.17351388547504315
1.2390441425758145,0.1721383081555274
1.2403007796372505,0.1708539190445082
1.2415574166986865,0.1696773656268945
1.2428140537601224,0.16862127393664963
1.2440706908215582,0.16769404708046626
1.2453273278829942,0.16689980978857807
1.2465839649444301,0.16623848523093496
1.247840602005866,0.16570598886977034
1.2490972390673019,0.16529452328066851
1.2503538761287378,0.16499295702687894
1.2516105131901738,0.16478726944687902
1.2528671502516098,0.16466104157889228
1.2541237873130455,0.16459597168747064
1.2553804243744815,0.16457239250565994
1.2566370614359175,0.164569766994126
1.2578936984973534,0.16456714071922748
1.2591503355587892,0.16454353223046272
1.2604069726202252,0.16447824812422968
1.2616636096816611,0.16435111651126288
1.262920246743097,0.16414264073613546
1.2641768838045329,0.16383408358157914
1.2654335208659688,0.1634074998915676
1.2666901579274048,0.1628457416768453
1.2679467949888408,0.16213246360020153
1.2692034320502765,0.16125215778721513
1.2704600691117125,0.16019024494541761
1.2717167061731485,0.15893324383039248
1.2729733432345844,0.15746903343129448
1.2742299802960202,0.15578721232858897
1.2754866173574562,0.1538795481680567
1.2767432544188921,0.15174049795750424
1.277999891480328,0.14936776797910722
1.2792565285417639,0.14676287173547473
1.2805131656031998,0.143931636812201
1.2817698026646358,0.14088460809139788
1.2830264397260718,0.13763729639337394
1.2842830767875075,0.13421022889656736
1.2855397138489435,0.13062877046647844
1.2867963509103795,0.12692270240610706
1.2880529879718154,0.12312556544486787
1.2893096250332514,0.11927379471793027
1.2905662620946872,0.11540569347355169
1.2918228991561231,0.11156030680642834
1.2930795362175591,0.1077762649230744
1.294336173278995,0.10409066625063254
1.2955928103404308,0.10053806413131199
1.2968494474018668,0.09714960798679231
1.2981060844633028,0.09395237262855284
1.2993627215247388,0.09096889026830034
1.3006193585861745,0.08821688126606235
1.3018759956476105,0.08570916394966603
1.3031326327090464,0.08345371254746997
1.3043892697704824,0.08145382622519451
1.3056459068319182,0.07970837144808471
1.3069025438933541,0.07821206375267785
1.3081591809547901,0.07695576235089754
1.309415818016226,0.07592676035354427
1.3106724550776618,0.07510906326711601
1.3119290921390978,0.07448365738385439
1.3131857292005338,0.07402877662273273
1.3144423662619698,0.07372018054911246
1.3156990033234055,0.07353145741153812
1.3169556403848415,0.07343436425115686
1.3182122774462774,0.07339921203602354
1.3194689145077134,0.07339529822917204
1.3207255515691492,0.07339138325462413
1.3219821886305851,0.07335620200537074
1.3232388256920211,0.07325899768342696
1.324495462753457,0.07307006339351349
1.3257520998148928,0.0727612771452629
1.3270087368763288,0.07230661796230492
1.3282653739377648,0.0716826540187516
1.3295220109992008,0.07086899728079457
1.3307786480606365,0.06984872212924802
1.3320352851220725,0.06860874709614416
1.3332919221835084,0.06714017863689373
1.3345485592449444,0.06543861360013072
1.3358051963063802,0.06350439296678977
1.3370618333678161,0.06134279410964911
1.3383184704292521,0.058964143202785944
1.339575107490688,0.05638382463595531
1.3408317445521238,0.05362216158630369
1.3420883816135598,0.05070414239189545
1.3433450186749958,0.04765897188442608
1.3446016557364318,0.04451943571262098
1.3458582927978675,0.04132107862826113
1.3471149298593035,0.03810121371135755
1.3483715669207395,0.03489779691177261
1.3496282039821754,0.031748217921165355
1.3508848410436112,0.028688071905221036
1.3521414781050471,0.025749984849370106
1.3533981151664831,0.022962566603891496
1.354654752227919,0.02034955945442508
1.3559113892893548,0.017929236556602227
1.3571680263507908,0.01571408526866162
1.3584246634122268,0.013710787529358417
1.3596813004736628,0.0119204856524894
1.3609379375350985,0.010339299953961389
1.3621945745965345,0.008959046806853492
1.3634512116579705,0.007768093646466101
1.3647078487194064,0.006752281880935483
1.3659644857808422,0.005895849525817003
1.3672211228422781,0.005182291905081292
1.3684777599037141,0.004595109713893701
1.36973439696515,0.004118407666143868
1.3709910340265858,0.0037373223836001867
1.3722476710880218,0.0034382737846233775
1.3735043081494578,0.0032090488614877634
1.3747609452108938,0.003038739479014252
1.3760175822723295,0.002917565972709338
1.3772742193337655,0.0028366253521174534
1.3785308563952015,0.0027876064946665215
1.3797874934566374,0.0027625147259276203
1.3810441305180732,0.0027534447425890587
1.3823007675795091,0.0027524343266134704
1.3835574046409451,0.0027514223650983455
1.384814041702381,0.0027423241867762585
1.3860706787638168,0.0027172261338215746
1.3873273158252528,0.002668690589501663
1.3885839528866888,0.0025901532323404333
1.3898405899481248,0.0024763867018955704
1.3910972270095605,0.0023239994564378777
1.3923538640709965,0.0021319353968241362
1.3936105011324325,0.0019019386067984786
1.3948671381938684,0.001638947975557272
1.3961237752553044,0.0013513881841912003
1.3973804123167402,0.0010513263323821292
1.3986370493781761,0.0007544673266838158
1.399893686439612,0.000479966223701633
1.401150323501048,0.00025004234817280793
1.4024069605624838,8.93885495097331e-5
1.4036635976239198,2.4379659306299458e-5
1.4049202346853558,8.209701238174432e-5
1.4061768717467917,0.0002892003063601184
1.4074335088082275,0.0006706931020532293
1.4086901458696635,0.0012486424299268859
1.4099467829310994,0.0020409244526714393
1.4112034199925354,0.003060075050946194
1.4124600570539712,0.004312324920098338
1.4137166941154071,0.0057968922717094645
1.414973331176843,0.0075055924007080155
1.416229968238279,0.009422803117877819
1.4174866052997148,0.011525800255881676
1.4187432423611508,0.013785450766603653
1.4199998794225868,0.016167225298064587
1.4212565164840227,0.01863247037390194
1.4225131535454585,0.021139864592460148
1.4237697906068945,0.023646974876787012
1.4250264276683304,0.026111827934085438
1.4262830647297664,0.028494417922630813
1.4275397017912022,0.030758082330775136
1.4287963388526381,0.032870692312907124
1.430052975914074,0.03480561925468649
1.43130961297551,0.03654245451343802
1.4325662500369458,0.0380674729667985
1.4338228870983818,0.039373842646884954
1.4350795241598178,0.040461592294688827
1.4363361612212537,0.04133735645097836
1.4375927982826895,0.04201392416452876
1.4388494353441255,0.042509622947799086
1.4401060724055614,0.04284757443221297
1.4413627094669974,0.04305486216475532
1.4426193465284332,0.04316165475903711
1.4438759835898691,0.04320032859754238
1.445132620651305,0.04320463287945169
1.446389257712741,0.0432089355696408
1.4476458947741768,0.04324758158041958
1.4489025318356128,0.04335438455484466
1.4501591688970488,0.04356226157376303
1.4514158059584847,0.04390300696915419
1.4526724430199205,0.04440718838540642
1.4539290800813565,0.04510413651312538
1.4551857171427924,0.04602199062697481
1.4564423542042284,0.047187756045996385
1.4576989912656642,0.048627327452114566
1.4589556283271001,0.050365433888206516
1.460212265388536,0.05242546716902952
1.461468902449972,0.05482916509843021
1.4627255395114078,0.0575961338126889
1.4639821765728438,0.06074320908190784
1.4652388136342798,0.06428367359786463
1.4664954506957157,0.06822636500436585
1.4677520877571515,0.07257472626684583
1.4690087248185875,0.07732586428835451
1.4702653618800234,0.08246969270892864
1.4715219989414594,0.08798823892154403
1.4727786360028952,0.09385519221929425
1.4740352730643311,0.10003575904101607
1.475291910125767,0.10648687281098418
1.476548547187203,0.11315778122495329
1.4778051842486388,0.11999100537016678
1.4790618213100748,0.12692363587329913
1.4803184583715108,0.13388890474806
1.4815750954329467,0.1408179509335653
1.4828317324943825,0.14764168508428618
1.4840883695558185,0.15429265623040864
1.4853450066172544,0.16070682934560027
1.4866016436786904,0.16682519720141278
1.4878582807401262,0.1725951697047654
1.4891149178015621,0.17797170620296712
1.490371554862998,0.18291817796166426
1.491628191924434,0.18740696658136102
1.4928848289858698,0.1914198177223478
1.4941414660473058,0.19494797733963068
1.4953981031087418,0.19799213985576325
1.4966547401701777,0.20056223532095183
1.4979113772316135,0.2026770772037574
1.4991680142930495,0.20436388586354928
1.5004246513544854,0.20565769676413523
1.5016812884159214,0.20660065854398071
1.5029379254773574,0.20724122505719633
1.5041945625387931,0.20763324766355862
1.505451199600229,0.2078349789149058
1.506707836661665,0.20790800531988946
1.507964473723101,0.207916133651238
1.5092211107845368,0.20792426076486845
1.5104777478459728,0.20799725978809364
1.5117343849074087,0.2081989149106343
1.5129910219688447,0.20859093260389439
1.5142476590302805,0.20923204930684408
1.5155042960917164,0.21017724546726674
1.5167609331531524,0.21147706476187736
1.5180175702145884,0.21317702697191343
1.5192742072760241,0.21531711492089026
1.52053084433746,0.2179313113446391
1.521787481398896,0.22104716134959584
1.523044118460332,0.22468534046069538
1.5243007555217678,0.2288592168336776
1.5255573925832038,0.23357440814953875
1.5268140296446397,0.23882834771163333
1.5280706667060757,0.24460988867315242
1.5293273037675115,0.2508989882636771
1.5305839408289474,0.257666523435433
1.5318405778903834,0.264874293740614
1.5330972149518194,0.27247526509755093
1.5343538520132551,0.2804140986627413
1.535610489074691,0.28862799242242904
1.536867126136127,0.2970478404841241
1.538123763197563,0.3055996885275247
1.5393804002589988,0.3142064364367233
1.5406370373204348,0.32278971421497354
1.5418936743818707,0.33127183826705553
1.5431503114433067,0.3395777448017577
1.5444069485047425,0.347636797128232
1.5456635855661784,0.35538437423051
1.5469202226276144,0.3627631679324179
1.5481768596890504,0.3697241426353338
1.5494334967504861,0.37622714157733833
1.5506901338119221,0.3822411530765708
1.551946770873358,0.3877442758161467
1.553203407934794,0.39272344119963914
1.5544600449962298,0.39717396152439544
1.5557166820576658,0.4010989747330352
1.5569733191191018,0.4045088504566078
1.5582299561805377,0.4074206094851318
1.5594865932419735,0.40985739181460296
1.5607432303034094,0.4118479894342751
1.5619998673648454,0.413426441445101
1.5632565044262814,0.4146316731050803
1.5645131414877171,0.41550714869817207
1.5657697785491531,0.41610050183958597
1.567026415610589,0.41646310637992956
1.568283052672025,0.41664955613927196
1.5695396897334608,0.4167170312874262
1.5707963267948968,0.4167245417372176
1.5720529638563328,0.41673205155638043
1.5733096009177687,0.4167995012142079
1.5745662379792045,0.41698575480319305
1.5758228750406404,0.4173475060740006
1.5770795121020764,0.4179381797355142
1.5783361491635124,0.41880686325666433
1.5795927862249481,0.4199973002343166
1.5808494232863841,0.4215469705397773
1.58210606034782,0.4234862763385067
1.583362697409256,0.42583784797236973
1.5846193344706918,0.42861598051674954
1.5858759715321278,0.43182621098638685
1.5871326085935638,0.4354650475154367
1.5883892456549997,0.43951986471059085
1.5896458827164355,0.44396898269153584
1.5909025197778714,0.4487819497637234
1.5921591568393074,0.4539200488380572
1.5934157939007434,0.45933704441196677
1.5946724309621791,0.4649801793343137
1.5959290680236151,0.47079141845262207
1.597185705085051,0.4767089200738519
1.598442342146487,0.4826686972320672
1.5996989792079228,0.4886064110424341
1.6009556162693588,0.49445922044089163
1.6022122533307948,0.5001675990506688
1.6034688903922307,0.5056770232153244
1.6047255274536665,0.5109394371269572
1.6059821645151025,0.5159144121209481
1.6072388015765384,0.5205699369913548
1.6084954386379744,0.5248828027394102
1.6097520756994104,0.5288385756414361
1.6110087127608461,0.5324311835041247
1.612265349822282,0.5356621680444754
1.613521986883718,0.5385396785716845
1.614778623945154,0.5410772965342685
1.6160352610065898,0.5432927860907019
1.6172918980680258,0.5452068628119149
1.6185485351294617,0.5468420619816655
1.6198051721908977,0.5482217714075098
1.6210618092523335,0.5493694732038237
1.6223184463137694,0.5503082167350078
1.6235750833752054,0.5510603227656508
1.6248317204366414,0.5516472985698788
1.6260883574980771,0.5520899267272832
1.627344994559513,0.5524084776790659
1.628601631620949,0.5526229885871577
1.629858268682385,0.5527535489934343
1.6311149057438208,0.552820537143572
1.6323715428052568,0.5528447590860068
1.6336281798666927,0.5528474548028068
1.6348848169281287,0.552850150338211
1.6361414539895645,0.5528743506185474
1.6373980910510004,0.5529410828549809
1.6386547281124364,0.5530703137427978
1.6399113651738724,0.5532802741492175
1.6411680022353081,0.5535867321169587
1.642424639296744,0.5540022587746094
1.64368127635818,0.5545355324872406
1.644937913419616,0.5551907248788819
1.6461945504810518,0.5559670088469698
1.6474511875424878,0.5568582239066813
1.6487078246039237,0.5578527284982712
1.6499644616653597,0.5589334623848831
1.6512210987267955,0.5600782348903202
1.6524777357882314,0.5612602462904466
1.6537343728496674,0.5624488399915764
1.6549910099111034,0.5636104721340577
1.6562476469725391,0.564709873102749
1.657504284033975,0.5657113625645226
1.658760921095411,0.5665802668756806
1.660017558156847,0.5672843761081017
1.6612741952182828,0.5677953688493479
1.6625308322797188,0.5680901277167657
1.6637874693411547,0.5681518684208361
1.6650441064025907,0.5679710110681091
1.6663007434640265,0.5675457344622538
1.6675573805254624,0.5668821719498726
1.6688140175868984,0.5659942295902652
1.6700706546483344,0.5649030321532053
1.6713272917097701,0.563636027278379
1.672583928771206,0.5622258005830553
1.673840565832642,0.5607086723803193
1.675097202894078,0.5591231583764751
1.6763538399555138,0.5575083814809408
1.6776104770169498,0.5559025197861521
1.6788671140783857,0.5543413677270741
1.6801237511398217,0.5528570748145643
1.6813803882012575,0.5514771108066544
1.6826370252626934,0.5502234893559361
1.6838936623241294,0.5491122654239365
1.6851502993855654,0.548153306103388
1.6864069364470011,0.5473503205919158
1.687663573508437,0.54670112328122
1.688920210569873,0.5461980944498358
1.690176847631309,0.5458287959903241
1.6914334846927448,0.5455766950757474
1.6926901217541808,0.5454219468014035
1.6939467588156167,0.5453421877265293
1.6952033958770527,0.5453132958961165
1.6964600329384885,0.5453100791916906
1.6977166699999244,0.5453068623848967
1.6989733070613604,0.5452779534873857
1.7002299441227964,0.5451979811852767
1.7014865811842321,0.5450421065129981
1.702743218245668,0.5447861226587707
1.703999855307104,0.544406466175466
1.70525649236854,0.5438801702885541
1.7065131294299758,0.5431847959788818
1.7077697664914118,0.542298378740772
1.7090264035528477,0.5411994281777152
1.7102830406142837,0.5398670138364036
1.7115396776757195,0.538280963985275
1.7127963147371554,0.5364221946856161
1.7140529517985914,0.5342731749594427
1.7153095888600274,0.531818520829981
1.7165662259214634,0.5290456974130057
1.717822862982899,0.5259457951556649
1.719079500044335,0.5225143349305167
1.720336137105771,0.5187520481524808
1.721592774167207,0.514665573403327
1.7228494112286428,0.5102680109520292
1.7241060482900787,0.5055792813867083
1.7253626853515147,0.5006262441935609
1.7266193224129507,0.4954425459031036
1.7278759594743864,0.4900681842841064
1.7291325965358224,0.4845487935420485
1.7303892335972584,0.4789346738923583
1.7316458706586944,0.47327960551662485
1.73290250772013,0.46763950023237405
1.734159144781566,0.4620709530397107
1.735415781843002,0.45662975939595896
1.736672418904438,0.4513694625585076
1.7379290559658738,0.44633998916996637
1.7391856930273097,0.44158642148406985
1.7404423300887457,0.4371479426209723
1.7416989671501817,0.4330569784843921
1.7429556042116174,0.4293385478474496
1.7442122412730534,0.4260098216952301
1.7454688783344894,0.423079884857211
1.7467255153959254,0.4205496874699073
1.747982152457361,0.41841217066698094
1.749238789518797,0.41665254958548276
1.750495426580233,0.41524873663377354
1.751752063641669,0.4141718883148412
1.7530087007031048,0.4133870591886225
1.7542653377645407,0.4128539464449591
1.7555219748259767,0.4125277079412145
1.7567786118874127,0.41235983555387745
1.7580352489488484,0.41229906458922794
1.7592918860102844,0.41229229917643173
1.7605485230717204,0.4122855334224318
1.7618051601331564,0.4122247489756122
1.763061797194592,0.4120567717344817
1.764318434256028,0.41173007378752197
1.765575071317464,0.4111955111210062
1.7668317083789,0.4104069928158824
1.7680883454403358,0.40932208281886295
1.7693449825017717,0.40790254022643563
1.7706016195632077,0.4061148076217552
1.7718582566246437,0.4039304586716952
1.7731148936860794,0.40132661542784304
1.7743715307475154,0.39828634238711585
1.7756281678089514,0.39479901854713945
1.7768848048703874,0.3908606810489126
1.778141441931823,0.3864743255237654
1.779398078993259,0.3816501402122143
1.780654716054695,0.37640564465846194
1.781911353116131,0.3707657005570615
1.7831679901775668,0.364762363069611
1.7844246272390027,0.3584345460706134
1.7856812643004387,0.35182748414348214
1.7869379013618747,0.3449919869222277
1.7881945384233104,0.33798349621335044
1.7894511754847464,0.3308609715311548
1.7907078125461824,0.3236856434246212
1.7919644496076184,0.31651968461516394
1.793221086669054,0.3094248552571309
1.79447772373049,0.30246117991116167
1.795734360791926,0.29568571007025485
1.796990997853362,0.28915141790838667
1.7982476349147978,0.28290625543832626
1.7995042719762337,0.27699239989092284
1.8007609090376697,0.2714456923874897
1.8020175460991057,0.2662952642968106
1.8032741831605414,0.2615633352139639
1.8045308202219774,0.2572651590640321
1.8057874572834134,0.2534090907969207
1.8070440943448494,0.24999674546902148
1.8083007314062851,0.24702322382195005
1.809557368467721,0.24447738312278297
1.810814005529157,0.24234213821754652
1.812070642590593,0.24059478460467965
1.8133272796520288,0.23920734202289462
1.8145839167134648,0.23814692283752112
1.8158405537749007,0.23737613382460643
1.8170971908363367,0.2368535224037787
1.8183538278977724,0.23653407877349023
1.8196104649592084,0.23636980377730638
1.8208671020206444,0.23631034890007888
1.8221237390820804,0.23630372996288956
1.8233803761435163,0.2362971104094786
1.824637013204952,0.23623764420349777
1.825893650266388,0.23607336295671522
1.827150287327824,0.23575408758551994
1.82840692438926,0.23523234198793178
1.8296635614506958,0.23446424514629266
1.8309201985121317,0.23341035861144893
1.8321768355735677,0.23203646816159096
1.8334334726350037,0.23031428100380863
1.8346901096964394,0.22822202257080296
1.8359467467578754,0.22574491920176
1.8372033838193114,0.22287555443938264
1.8384600208807473,0.21961408729260945
1.839716657942183,0.21596832092198767
1.840973295003619,0.21195361041643812
1.842229932065055,0.20759259943392463
1.843486569126491,0.20291477825321352
1.8447432061879268,0.19795586079809527
1.8459998432493627,0.192756985628629
1.8472564803107987,0.18736375542457728
1.8485131173722347,0.1818251402767091
1.8497697544336704,0.17619228089437305
1.8510263914951064,0.17051723715128927
1.8522830285565424,0.16485173378027176
1.8535396656179783,0.15924595735370264
1.854796302679414,0.15374745634363818
1.85605293974085,0.14840018909444952
1.857309576802286,0.14324375367030207
1.858566213863722,0.13831282000114717
1.8598228509251578,0.13363677010148095
1.8610794879865937,0.12923953798836774
1.8623361250480297,0.1251396287002527
1.8635927621094657,0.12135028656045348
1.8648493991709014,0.11787977710994944
1.8661060362323374,0.11473174504736956
1.8673626732937734,0.11190561174965777
1.8686193103552093,0.10939697991048691
1.869875947416645,0.10719801878152642
1.871132584478081,0.10529781066346447
1.872389221539517,0.10368264696199475
1.873645858600953,0.10233626970693581
1.8749024956623888,0.10124006146854332
1.8761591327238247,0.10037319274948728
1.8774157697852607,0.09971274092798889
1.8786724068466967,0.09923379847909106
1.8799290439081324,0.09890959034506705
1.8811856809695684,0.0987116208326196
1.8824423180310044,0.09860986920169544
1.8836989550924403,0.09857305017622878
1.884955592153876,0.09856895106712127
1.886212229215312,0.09856485131816423
1.887468866276748,0.09852802349069528
1.888725503338184,0.09842630755157408
1.8899821403996198,0.09822874345604911
1.8912387774610557,0.09790624104683153
1.8924954145224917,0.09743226174374482
1.8937520515839277,0.09678348371227113
1.8950086886453634,0.09594042128700933
1.8962653257067994,0.09488797028159615
1.8975219627682354,0.09361585317134295
1.8987785998296713,0.09211894164433246
1.900035236891107,0.09039743835735765
1.901291873952543,0.08845690467740404
1.902548511013979,0.08630812663959699
1.903805148075415,0.08396681732016635
1.9050617851368508,0.08145316036009223
1.9063184221982867,0.07879120647565718
1.9075750592597227,0.07600814229251647
1.9088316963211587,0.0731334583515948
1.9100883333825944,0.07019805003472969
1.9113449704440304,0.06723329064904707
1.9126016075054664,0.06427011915029185
1.9138582445669023,0.06133818525996453
1.915114881628338,0.05846509162063334
1.916371518689774,0.05567576614893816
1.91762815575121,0.05299198838008953
1.918884792812646,0.05043208228166478
1.9201414298740818,0.048010775977175076
1.9213980669355177,0.04573921738608047
1.9226547039969537,0.043625125156772956
1.9239113410583897,0.041673047329379244
1.9251679781198254,0.03988469637197706
1.9264246151812614,0.03825932858551151
1.9276812522426974,0.0367941379703932
1.9289378893041333,0.035484638818057315
1.930194526365569,0.03432501673718679
1.931451163427005,0.03330843377167508
1.932707800488441,0.0324272790729169
1.933964437549877,0.03167336180499133
1.935221074611313,0.03103804734913428
1.9364777116727487,0.0305123413772182
1.9377343487341847,0.03008692905549883
1.9389909857956207,0.02975217865696678
1.9402476228570567,0.029498120343356304
1.9415042599184924,0.02931441192010422
1.9427608969799284,0.029190303988438016
1.9440175340413643,0.02911461705771809
1.9452741711028003,0.02907574271680065
1.946530808164236,0.029061679752130413
1.947787445225672,0.029060114027717816
1.949044082287108,0.029058547973139125
1.950300719348544,0.029044481744570475
1.9515573564099797,0.029005643750464324
1.9528139934714157,0.028930263610517024
1.9540706305328517,0.028807376168104817
1.9553272675942877,0.028627141346877348
1.9565839046557234,0.028381161829491724
1.9578405417171594,0.028062779034584134
1.9590971787785953,0.02766732783228103
1.9603538158400313,0.027192331878440033
1.961610452901467,0.026637624245425907
1.962867089962903,0.026005381970961375
1.964123727024339,0.025300067967844862
1.965380364085775,0.024528279138494858
1.9666370011472107,0.023698505205809548
1.9678936382086467,0.022820808375499
1.9691502752700827,0.021906439130991398
1.9704069123315187,0.020967407851423616
1.9716635493929544,0.02001603514732627
1.9729201864543904,0.019064505466276575
1.9741768235158264,0.018124448356179188
1.9754334605772623,0.017206569662757253
1.976690097638698,0.016320350965014694
1.977946734700134,0.015473830039655587
1.97920337176157,0.014673468635934292
1.980460008823006,0.013924107036651099
1.9817166458844417,0.013228998533084537
1.9829732829458777,0.012589911736853716
1.9842299200073137,0.01200728509327879
1.9854865570687497,0.011480416292257281
1.9867431941301854,0.011007669453088613
1.9879998311916214,0.010586684695773828
1.9892564682530574,0.010214577534967429
1.9905131053144933,0.009888118903076374
1.991769742375929,0.009603890013724714
1.993026379437365,0.009358409311748132
1.994283016498801,0.009148231169811661
1.995539653560237,0.008970017693722292
1.9967962906216727,0.008820586034669096
1.9980529276831087,0.008696934117314316
1.9993095647445447,0.00859624786303686
2.0005662018059804,0.008515893002084655
2.0018228388674166,0.008453394575643284
2.0030794759288524,0.008406407320520497
2.004336112990288,0.008372680331936593
2.0055927500517243,0.00835001967901741
2.00684938711316,0.008336252919563176
2.0081060241745963,0.008329199612889424
2.009362661236032,0.00832665184350223
2.0106192982974678,0.008326368344774062
2.011875935358904,0.008326084992894469
2.0131325724203397,0.008323543228319491
2.0143892094817755,0.008316536422379707
2.0156458465432117,0.008302972471260248
2.0169024836046474,0.00828094914654072
2.0181591206660836,0.008248837162067878
2.0194157577275194,0.0082053647252138
2.020672394788955,0.008149696684209165
2.0219290318503913,0.008081501359786051
2.023185668911827,0.008000998782565742
2.024442305973263,0.007908985294896805
2.025698943034699,0.007806831196198447
2.0269555800961347,0.007696450140868624
2.028212217157571,0.0075802411323259485
2.0294688542190067,0.0074610059817389026
2.0307254912804424,0.007341846815559868
2.0319821283418786,0.007226049458221966
2.0332387654033144,0.007116959177008669
2.03449540246475,0.007017855317965981
2.0357520395261863,0.006931830827139516
2.037008676587622,0.006861681660437358
2.0382653136490583,0.0068098098208404755
2.039521950710494,0.006778142440765733
2.0407785877719298,0.006768068162892918
2.042035224833366,0.0067803912309193515
2.0432918618948017,0.0068153032661679
2.044548498956238,0.0068723726582504505
2.0458051360176737,0.0069505517206954115
2.0470617730791094,0.007048202066838251
2.0483184101405456,0.007163138833093972
2.0495750472019814,0.007292694229338008
2.050831684263417,0.007433800317204077
2.0520883213248533,0.007583089897334368
2.053344958386289,0.007737013023658852
2.0546015954477252,0.007891965141217915
2.055858232509161,0.008044421397681556
2.0571148695705967,0.008191070545461946
2.058371506632033,0.008328941231087928
2.0596281436934687,0.008455513491835168
2.0608847807549044,0.008568808990833484
2.0621414178163406,0.008667454876828014
2.0633980548777764,0.008750718030175684
2.0646546919392126,0.008818508667951136
2.0659113290006483,0.008871354605127437
2.067167966062084,0.00891034966959525
2.0684246031235203,0.00893708162367381
2.069681240184956,0.008953546269928942
2.070937877246392,0.008962055091561468
2.072194514307828,0.008965143750427678
2.0734511513692637,0.00896548807381887
2.0747077884307,0.008965832915267261
2.0759644254921357,0.008968937644201027
2.0772210625535714,0.008977540205732661
2.0784776996150076,0.008994339898207854
2.0797343366764434,0.009021997417549147
2.080990973737879,0.009063149438780007
2.0822476107993153,0.009120434108817908
2.083504247860751,0.009196523310101557
2.0847608849221873,0.009294157368349659
2.086017521983623,0.009416177930987932
2.0872741590450588,0.009565554933439305
2.088530796106495,0.009745403805527027
2.0897874331679307,0.009958989285825184
2.0910440702293664,0.010209712388367367
2.0923007072908026,0.010501077237170678
2.0935573443522384,0.01083663473577488
2.0948139814136746,0.011219900500356803
2.0960706184751103,0.011654245306253173
2.097327255536546,0.012142757618394411
2.0985838925979823,0.01268807968617894
2.099840529659418,0.013292221182015732
2.101097166720854,0.013956357326765494
2.10235380378229,0.01468062161343106
2.1036104408437257,0.01546390622730377
2.104867077905162,0.01630368559964888
2.1061237149665977,0.017195879748909553
2.1073803520280334,0.01813477376496208
2.1086369890894696,0.01911300775367821
2.1098936261509054,0.020121647789485924
2.111150263212341,0.021150343187585515
2.1124069002737773,0.022187569199500008
2.113663537335213,0.023220947706815234
2.1149201743966493,0.02423763234192074
2.116176811458085,0.025224739346357133
2.1174334485195208,0.026169801879923304
2.118690085580957,0.02706122370048815
2.1199467226423927,0.027888708207015358
2.1212033597038285,0.028643640643637898
2.1224599967652646,0.02931940452715135
2.1237166338267004,0.02991161773222816
2.1249732708881366,0.030418278771662248
2.1262299079495723,0.030839819277348482
2.127486545011008,0.031179064180618974
2.1287431820724443,0.031441106291718694
2.12999981913388,0.03163310659042936
2.131256456195316,0.031764035285888205
2.132513093256752,0.03184437133879383
2.1337697303181877,0.03188577947670578
2.135026367379624,0.03190078367561478
2.1362830044410597,0.031902454648194065
2.1375396415024954,0.031904126220675684
2.1387962785639316,0.031919151866721424
2.1400529156253674,0.03196070845723298
2.141309552686803,0.03204164987841341
2.1425661897482393,0.032174408948536806
2.143822826809675,0.03237094234214534
2.1450794638711113,0.03264271022422951
2.146336100932547,0.033000680111459346
2.1475927379939828,0.03345534311990012
2.148849375055419,0.0340167301680287
2.1501060121168547,0.0346944157905472
2.151362649178291,0.03549749790188823
2.1526192862397266,0.036434543085631106
2.1538759233011624,0.037513488784745565
2.1551325603625986,0.03874149617913416
2.1563891974240343,0.04012475063097318
2.15764583448547,0.04166821040230186
2.1589024715469063,0.04337530887891764
2.160159108608342,0.045247620626187146
2.1614157456697782,0.04728450695837413
2.162672382731214,0.04948276186331516
2.1639290197926497,0.05183628349259523
2.165185656854086,0.05433579933822873
2.1664422939155217,0.056968674036180944
2.1676989309769574,0.05971882698409632
2.1689555680383936,0.06256678242487726
2.1702122050998294,0.06548986747521084
2.1714688421612656,0.06846256429861339
2.1727254792227013,0.07145701210520111
2.173982116284137,0.07444364399706155
2.1752387533455733,0.07739193401520654
2.176495390407009,0.08027122209646066
2.1777520274684448,0.08305157973704225
2.179008664529881,0.08570467730700443
2.1802653015913167,0.08820461506933293
2.181521938652753,0.09052868357261487
2.1827785757141887,0.09265802451450358
2.1840352127756244,0.09457816964151214
2.1852918498370606,0.09627944205260362
2.1865484868984963,0.09775721087812164
2.187805123959932,0.09901199640298872
2.1890617610213683,0.10004942819325553
2.190318398082804,0.10088006371079059
2.1915750351442402,0.10151907935723131
2.192831672205676,0.10198584993337483
2.1940883092671117,0.10230343609162758
2.195344946328548,0.10249800233388451
2.1966015833899837,0.10259819020511414
2.1978582204514194,0.1026344722577776
2.1991148575128556,0.10263851186061437
2.2003714945742914,0.10264255186134258
2.2016281316357276,0.10267885152041503
2.2028847686971633,0.10277918623200448
2.204141405758599,0.10297441872344622
2.2053980428200353,0.1032941441731921
2.206654679881471,0.10376640555259763
2.2079113169429068,0.10441746999719421
2.209167954004343,0.10527165258804827
2.2104245910657787,0.10635117089893066
2.211681228127215,0.10767601224130117
2.2129378651886507,0.10926379579915271
2.2141945022500864,0.11112961377145175
2.2154511393115226,0.11328583912948895
2.2167077763729583,0.11574189247522415
2.217964413434394,0.1185039665065216
2.2192210504958303,0.12157471342391159
2.220477687557266,0.12495290782036403
2.2217343246187022,0.1286331046422103
2.222990961680138,0.1326053180577882
2.2242475987415737,0.13685475181743578
2.22550423580301,0.14136161423287702
2.2267608728644457,0.1461010506416502
2.2280175099258814,0.15104322275956675
2.2292741469873176,0.15615355758708976
2.2305307840487534,0.16139317884897983
2.2317874211101896,0.16671952205778312
2.2330440581716253,0.1720871213210704
2.234300695233061,0.1774485433256004
2.2355573322944973,0.18275543295166147
2.236813969355933,0.18795962695707336
2.2380706064173688,0.193014288010943
2.239327243478805,0.19787501141730876
2.2405838805402407,0.20250086092918584
2.241840517601677,0.2068552973549043
2.2430971546631127,0.21090697304351613
2.2443537917245484,0.21463037545884436
2.2456104287859846,0.21800631261280837
2.2468670658474204,0.22102224108573715
2.248123702908856,0.22367244307914594
2.2493803399702923,0.2259580622576795
2.250636977031728,0.22788700931460582
2.2518936140931642,0.2294737478437288
2.2531502511546,0.23073896999979115
2.2544068882160357,0.23170917035888097
2.255663525277472,0.23241612597496308
2.2569201623389077,0.232896291226567
2.258176799400344,0.2331901177021502
2.2594334364617796,0.23334131182795487
2.2606900735232154,0.23339604571703418
2.2619467105846516,0.23340213921669287
2.2632033476460873,0.2334082327691569
2.264459984707523,0.23346297101899594
2.2657166217689593,0.2336142158553318
2.266973258830395,0.23390830477790756
2.268229895891831,0.23438936638756314
2.269486532953267,0.23509869989696255
2.2707431700147027,0.2360742204462292
2.271999807076139,0.2373499673463271
2.2732564441375747,0.2389556687741653
2.2745130811990104,0.2409163543991766
2.2757697182604466,0.2432520072421086
2.2770263553218824,0.24597724784645078
2.2782829923833186,0.2491010474420086
2.2795396294447543,0.25262647183391107
2.28079626650619,0.25655046369192874
2.2820529035676262,0.2608636770173855
2.283309540629062,0.26555038299896505
2.2845661776904977,0.27058847038090533
2.285822814751934,0.27594956507231505
2.2870794518133697,0.28159929241460585
2.288336088874806,0.28749770096645416
2.2895927259362416,0.29359985890486934
2.2908493629976774,0.2998566236464626
2.2921060000591136,0.3062155729590793
2.2933626371205493,0.3126220729114309
2.294619274181985,0.31902044596515083
2.2958759112434213,0.3253551928419727
2.297132548304857,0.33157221579469176
2.298389185366293,0.3376199894659642
2.299645822427729,0.343450628964859
2.3009024594891647,0.349020812824697
2.302159096550601,0.3542925302197273
2.3034157336120367,0.3592336358272413
2.3046723706734724,0.3638182103660415
2.3059290077349086,0.368026738430061
2.3071856447963444,0.37184612628393915
2.3084422818577806,0.3752695897163255
2.3096989189192163,0.37829644530650686
2.310955555980652,0.38093183756731774
2.3122121930420882,0.383186429920055
2.313468830103524,0.3850760802795307
2.3147254671649597,0.38662151337134304
2.315982104226396,0.38784799303322853
2.3172387412878317,0.38878498983679255
2.318495378349268,0.38946583334225604
2.3197520154107036,0.38992733477691655
2.3210086524721394,0.3902093651472069
2.3222652895335756,0.3903543756275966
2.3235219265950113,0.39040685107426276
2.324778563656447,0.39041269301377296
2.3260352007178833,0.3904185346594025
2.327291837779319,0.39047099660560397
2.3285484748407552,0.3906158971422922
2.329805111902191,0.3908974351052622
2.3310617489636267,0.391357365575213
2.332318386025063,0.3920341895599225
2.3335750230864987,0.392962378284489
2.3348316601479344,0.39417165129164494
2.3360882972093706,0.39568632571942547
2.3373449342708064,0.39752475235928636
2.3386015713322426,0.3996988527688553
2.3398582083936783,0.4022137709905921
2.341114845455114,0.4050676532454887
2.3423714825165503,0.40825156902706555
2.343628119577986,0.41174958681837026
2.3448847566394218,0.4155390165828229
2.346141393700858,0.4195908286256043
2.3473980307622937,0.4238702538950587
2.34865466782373,0.4283375640487468
2.3499113048851656,0.4329490207445768
2.3511679419466014,0.4376579731291298
2.3524245790080376,0.44241607126578103
2.3536812160694733,0.44717455246504
2.354937853130909,0.4518855485008431
2.3561944901923453,0.4565033558378982
2.357451127253781,0.46098560932929883
2.3587077643152172,0.46529430300704894
2.359964401376653,0.46939660964942576
2.3612210384380887,0.47326546322650315
2.362477675499525,0.4768798840007997
2.3637343125609607,0.48022504348591344
2.364990949622397,0.4832920839301942
2.3662475866838326,0.48607772281066436
2.3675042237452684,0.4885836855500807
2.3687608608067046,0.49081601826684523
2.3700174978681403,0.4927843362854583
2.371274134929576,0.49450106333535543
2.3725307719910123,0.495980711263191
2.373787409052448,0.49723924144798504
2.375044046113884,0.4982935379390225
2.37630068317532,0.4991610097361202
2.3775573202367557,0.49985932669715527
2.378813957298192,0.5004062812929854
2.3800705943596276,0.5008197576923921
2.3813272314210634,0.5011177811246449
2.3825838684824996,0.5013186146161401
2.3838405055439353,0.5014408673095031
2.3850971426053715,0.5015035787273302
2.3863537796668073,0.5015262464167968
2.387610416728243,0.501528770090614
2.3888670537896792,0.501531293173179
2.390123690851115,0.5015539319313614
2.3913803279125507,0.5016163923852184
2.392636964973987,0.5017374851929469
2.3938936020354227,0.5019345579664
2.395150239096859,0.5022228723888119
2.3964068761582946,0.5026149596245055
2.3976635132197304,0.5031199915612361
2.3989201502811666,0.5037432073078991
2.4001767873426023,0.5044854341114948
2.401433424404038,0.5053427395585661
2.4026900614654743,0.5063062477087554
2.40394669852691,0.5073621457743637
2.405203335588346,0.5084919001885239
2.406459972649782,0.5096726914797032
2.4077166097112177,0.5108780664390006
2.408973246772654,0.5120787939174776
2.4102298838340896,0.5132438977216573
2.4114865208955254,0.5143418272364552
2.4127431579569616,0.5153417145875018
2.4139997950183973,0.5162146575183061
2.4152564320798335,0.5169349608916022
2.4165130691412693,0.5174812678680101
2.417769706202705,0.5178375150625808
2.4190263432641412,0.5179936545130097
2.420282980325577,0.5179460986852168
2.4215396173870127,0.5176978619573263
2.422796254448449,0.5172583915267478
2.4240528915098847,0.5166431006429547
2.425309528571321,0.5158726356044798
2.4265661656327566,0.5149719234157274
2.4278228026941924,0.5139690581581189
2.4290794397556286,0.5128940903411792
2.4303360768170643,0.5117777847133662
2.4315927138785,0.5106504087137226
2.4328493509399363,0.5095406068085183
2.434105988001372,0.5084744064654944
2.435362625062808,0.5074743905846483
2.436619262124244,0.5065590598168812
2.4378758991856797,0.5057423971273028
2.439132536247116,0.5050336367035074
2.4403891733085517,0.5044372301321559
2.4416458103699874,0.503952994745039
2.4429024474314236,0.5035764221449519
2.4441590844928593,0.5032991191261287
2.4454157215542955,0.5031093485307201
2.4466723586157313,0.5029926341650431
2.447928995677167,0.5029323919792928
2.4491856327386032,0.5029105496068681
2.450442269800039,0.5029081183777743
2.4516989068614747,0.5029056862872269
2.452955543922911,0.5028838071554248
2.4542121809843467,0.5028232701476759
2.455468818045783,0.5027052444480189
2.4567254551072186,0.5025113054463972
2.4579820921686544,0.5022233603699544
2.4592387292300906,0.5018235018282124
2.4604953662915263,0.5012938262357971
2.461752003352962,0.500616259642247
2.4630086404143983,0.49977243547208733
2.464265277475834,0.49874366667704323
2.46552191453727,0.4975110487550296
2.466778551598706,0.4960557202464031
2.4680351886601417,0.4943592942406283
2.469291825721578,0.49240445897686136
2.4705484627830137,0.49017572893184863
2.47180509984445,0.4876603112153519
2.4730617369058856,0.4848490371447676
2.4743183739673213,0.48173729708997337
2.4755750110287575,0.47832590948874437
2.4768316480901933,0.47462185344497093
2.478088285151629,0.4706387991477501
2.4793449222130652,0.4663973814421303
2.480601559274501,0.4619251784535883
2.481858196335937,0.4572563777192777
2.483114833397373,0.452431134750966
2.4843714704588087,0.4474946509931239
2.485628107520245,0.4424960174255502
2.4868847445816806,0.43748688464811325
2.4881413816431164,0.43252002888521723
2.4893980187045526,0.42764788548819377
2.4906546557659883,0.4229211175684356
2.4919112928274245,0.41838727846096735
2.4931679298888603,0.4140896143952382
2.494424566950296,0.41006603985107337
2.495681204011732,0.40634830434534375
2.496937841073168,0.40296135726564736
2.4981944781346037,0.39992290781175494
2.49945111519604,0.39724317056425523
2.5007077522574757,0.394924783603424
2.501964389318912,0.39296288495951204
2.5032210263803476,0.3913453337117533
2.5044776634417834,0.39005306335986917
2.5057343005032195,0.38906055628755776
2.5069909375646553,0.38833642850760214
2.508247574626091,0.38784411298505655
2.5095042116875272,0.38754262758520525
2.510760848748963,0.3873874103540164
2.512017485810399,0.38733120099833035
2.513274122871835,0.38732494390268557
